-- MySQL dump 10.13  Distrib 5.5.58, for debian-linux-gnu (x86_64)
--
-- Host: localhost    Database: impero
-- ------------------------------------------------------
-- Server version	5.5.58-0+deb8u1

/*!40101 SET @OLD_CHARACTER_SET_CLIENT=@@CHARACTER_SET_CLIENT */;
/*!40101 SET @OLD_CHARACTER_SET_RESULTS=@@CHARACTER_SET_RESULTS */;
/*!40101 SET @OLD_COLLATION_CONNECTION=@@COLLATION_CONNECTION */;
/*!40101 SET NAMES utf8 */;
/*!40103 SET @OLD_TIME_ZONE=@@TIME_ZONE */;
/*!40103 SET TIME_ZONE='+00:00' */;
/*!40014 SET @OLD_UNIQUE_CHECKS=@@UNIQUE_CHECKS, UNIQUE_CHECKS=0 */;
/*!40014 SET @OLD_FOREIGN_KEY_CHECKS=@@FOREIGN_KEY_CHECKS, FOREIGN_KEY_CHECKS=0 */;
/*!40101 SET @OLD_SQL_MODE=@@SQL_MODE, SQL_MODE='NO_AUTO_VALUE_ON_ZERO' */;
/*!40111 SET @OLD_SQL_NOTES=@@SQL_NOTES, SQL_NOTES=0 */;

--
-- Table structure for table `chat_messages`
--

DROP TABLE IF EXISTS `chat_messages`;
/*!40101 SET @saved_cs_client     = @@character_set_client */;
/*!40101 SET character_set_client = utf8 */;
CREATE TABLE `chat_messages` (
  `id` int(10) unsigned NOT NULL AUTO_INCREMENT,
  `created_at` timestamp NULL DEFAULT NULL,
  `updated_at` timestamp NULL DEFAULT NULL,
  `deleted_at` timestamp NULL DEFAULT NULL,
  `from_id` int(10) unsigned DEFAULT NULL,
  `date` timestamp NULL DEFAULT NULL,
  `content` varchar(255) DEFAULT NULL,
  PRIMARY KEY (`id`),
  KEY `idx_chat_messages_deleted_at` (`deleted_at`)
) ENGINE=InnoDB AUTO_INCREMENT=99 DEFAULT CHARSET=latin1;
/*!40101 SET character_set_client = @saved_cs_client */;

--
-- Dumping data for table `chat_messages`
--

LOCK TABLES `chat_messages` WRITE;
/*!40000 ALTER TABLE `chat_messages` DISABLE KEYS */;
INSERT INTO `chat_messages` VALUES (1,'2017-06-28 20:23:07','2017-06-28 20:23:07',NULL,3,'2017-06-28 20:23:07','grazie. giocatore onesto'),(2,'2017-06-29 10:29:30','2017-06-29 10:29:30',NULL,7,'2017-06-29 10:29:30','admin merda'),(3,'2017-06-29 18:41:27','2017-06-29 18:41:27',NULL,1,'2017-06-29 18:41:27','ho gia\' vinto'),(4,'2017-06-29 18:54:55','2017-06-29 18:54:55',NULL,7,'2017-06-29 18:54:55','viciè io non sono proprietario della chiesa cattolica ma della scoro spa'),(5,'2017-06-29 18:55:08','2017-06-29 18:55:08',NULL,7,'2017-06-29 18:55:08','e non sono antonio razziiiiiiiiiiiiiiiii'),(6,'2017-06-29 20:51:10','2017-06-29 20:51:10',NULL,1,'2017-06-29 20:51:10','ahahahah capita.. problemi di personalitá cos'),(7,'2017-06-30 05:45:21','2017-06-30 05:45:21',NULL,1,'2017-06-30 05:45:21','chiunque mi invia 3$ dollari prima delle 9 (con rischio accettabile) ne ricevera\' 10 stasera!'),(8,'2017-06-30 05:46:32','2017-06-30 05:46:32',NULL,1,'2017-06-30 05:46:32','o se preferite meglio dopo le 9 che il rischio dovrebbe essere piu basso'),(9,'2017-06-30 09:08:18','2017-06-30 09:08:18',NULL,1,'2017-06-30 09:08:18','infami pezzi di merda tirchi'),(10,'2017-06-30 09:27:35','2017-06-30 09:27:35',NULL,10,'2017-06-30 09:27:35','sei un venduto di merda'),(11,'2017-06-30 09:35:56','2017-06-30 09:35:56',NULL,1,'2017-06-30 09:35:56','braccini corti'),(12,'2017-06-30 11:39:19','2017-06-30 11:39:19',NULL,1,'2017-06-30 11:39:19','attenzione qualcuno fa pubblicita\' occulta'),(13,'2017-06-30 13:19:04','2017-06-30 13:19:04',NULL,12,'2017-06-30 13:19:04','Addirittura la chat?!?!?!?! HIGH LEVEL'),(14,'2017-06-30 17:03:18','2017-06-30 17:03:18',NULL,1,'2017-06-30 17:03:18','e che t pienz, che perdimm tiemp?'),(15,'2017-07-01 06:21:56','2017-07-01 06:21:56',NULL,13,'2017-07-01 06:21:56','Buongiorno a tutti'),(16,'2017-07-01 06:22:16','2017-07-01 06:22:16',NULL,13,'2017-07-01 06:22:16','Sono un account fasullo di Antonio Russo'),(17,'2017-07-01 06:22:30','2017-07-01 06:22:30',NULL,13,'2017-07-01 06:22:30','Il mio nome in codice è Claudio'),(18,'2017-07-01 07:00:28','2017-07-01 07:00:28',NULL,9,'2017-07-01 07:00:28','LoL '),(19,'2017-07-01 08:39:06','2017-07-01 08:39:06',NULL,10,'2017-07-01 08:39:06','Nessuno può parlare in mio nome se non un bot da me programmato'),(20,'2017-07-01 12:10:25','2017-07-01 12:10:25',NULL,7,'2017-07-01 12:10:25','lol'),(21,'2017-07-01 12:10:27','2017-07-01 12:10:27',NULL,7,'2017-07-01 12:10:27','lol'),(22,'2017-07-01 13:41:15','2017-07-01 13:41:15',NULL,1,'2017-07-01 13:41:15','ciao chiunque tu sia!'),(23,'2017-07-01 22:06:49','2017-07-01 22:06:49',NULL,1,'2017-07-01 22:06:49','chi e\' il folle su mazzoccaperipherals'),(24,'2017-07-02 07:17:56','2017-07-02 07:17:56',NULL,7,'2017-07-02 07:17:56','unina'),(25,'2017-07-02 07:32:34','2017-07-02 07:32:34',NULL,1,'2017-07-02 07:32:34','sto proprio coi popcorn'),(26,'2017-07-02 07:33:12','2017-07-02 07:33:12',NULL,9,'2017-07-02 07:33:12','va a fa u simpless'),(27,'2017-07-02 07:33:46','2017-07-02 07:33:46',NULL,1,'2017-07-02 07:33:46','appena vedo chi vince'),(28,'2017-07-02 07:36:29','2017-07-02 07:36:29',NULL,9,'2017-07-02 07:36:29','un suggerimento,se il tempo rimanente è sotto il minuto, non aggiungere il minuto al limite dell asta, ma da quando io ho fatto l ultima offerta'),(29,'2017-07-02 07:37:02','2017-07-02 07:37:02',NULL,9,'2017-07-02 07:37:02','perchè senno si allunga fino a 2 min l\'asta'),(30,'2017-07-02 07:58:20','2017-07-02 07:58:20',NULL,1,'2017-07-02 07:58:20','segno'),(31,'2017-07-02 08:09:36','2017-07-02 08:09:36',NULL,3,'2017-07-02 08:09:36','forse sono stata io ahhaha devo ancora capire per bene XD'),(32,'2017-07-02 08:27:05','2017-07-02 08:27:05',NULL,6,'2017-07-02 08:27:05','sig. scotti è meglio che si ritira è troppo forte'),(33,'2017-07-02 08:30:11','2017-07-02 08:30:11',NULL,1,'2017-07-02 08:30:11','we cri pensavo ci avessi abbandonato :D'),(34,'2017-07-02 08:40:44','2017-07-02 08:40:44',NULL,3,'2017-07-02 08:40:44','Chiedo venia. Gli impegni reali mi hanno tenuta occupata. Sono pur sempre un\'imperatrice.'),(35,'2017-07-02 10:42:58','2017-07-02 10:42:58',NULL,11,'2017-07-02 10:42:58','Ahahhahahhaha Cristi\' xD'),(36,'2017-07-03 14:31:15','2017-07-03 14:31:15',NULL,4,'2017-07-03 14:31:15','mi spoglio in cam in cambio di dollari su RAI'),(37,'2017-07-03 14:32:21','2017-07-03 14:32:21',NULL,4,'2017-07-03 14:32:21','seguite il mio skype: 00diavolettaforlove00'),(38,'2017-07-03 15:55:40','2017-07-03 15:55:40',NULL,3,'2017-07-03 15:55:40','Accetto. Sto avviando Skype. Una sola raccomandazione: \"COPRI LA CAM\"  :D '),(39,'2017-07-03 18:04:23','2017-07-03 18:04:23',NULL,7,'2017-07-03 18:04:23','Non vi sono bastati i 31$ dell\'admin? '),(40,'2017-07-03 18:27:15','2017-07-03 18:27:15',NULL,3,'2017-07-03 18:27:15','Perché c\'è anche chi li ha accettati???'),(41,'2017-07-03 19:46:48','2017-07-03 19:46:48',NULL,4,'2017-07-03 19:46:48','ma chi sta schiattando tutti sti soldi sui cosmetici?'),(42,'2017-07-03 19:47:21','2017-07-03 19:47:21',NULL,4,'2017-07-03 19:47:21','le creme per le mani non hanno mai reso tanto'),(43,'2017-07-03 19:49:36','2017-07-03 19:49:36',NULL,4,'2017-07-03 19:49:36','150!!!!!!!! ahahahah'),(44,'2017-07-03 19:50:58','2017-07-03 19:50:58',NULL,4,'2017-07-03 19:50:58','200...state da fuori'),(45,'2017-07-03 19:53:22','2017-07-03 19:53:22',NULL,11,'2017-07-03 19:53:22','Non si toccano le cose di Cri.. ci finanziamo tra poveri'),(46,'2017-07-03 19:53:55','2017-07-03 19:53:55',NULL,11,'2017-07-03 19:53:55','Cmq tu hai iniziato a metterci tanto xD'),(47,'2017-07-03 19:54:20','2017-07-03 19:54:20',NULL,4,'2017-07-03 19:54:20','no non sono stato io'),(48,'2017-07-03 19:55:24','2017-07-03 19:55:24',NULL,9,'2017-07-03 19:55:24','m er rutt u cazz'),(49,'2017-07-03 19:55:43','2017-07-03 19:55:43',NULL,9,'2017-07-03 19:55:43','perdonate il linguaggio.'),(50,'2017-07-03 19:55:44','2017-07-03 19:55:44',NULL,3,'2017-07-03 19:55:44','ecco chi era'),(51,'2017-07-03 19:58:29','2017-07-03 19:58:29',NULL,11,'2017-07-03 19:58:29','Ahhahahah ops'),(52,'2017-07-03 20:00:57','2017-07-03 20:00:57',NULL,9,'2017-07-03 20:00:57','per fortuna eravate voi, temevo fosse qualche altro rompicoglioni a cui non potevo permettere di fare altro guadagno U_U'),(53,'2017-07-03 20:09:18','2017-07-03 20:09:18',NULL,3,'2017-07-03 20:09:18','daiii'),(54,'2017-07-03 20:09:48','2017-07-03 20:09:48',NULL,3,'2017-07-03 20:09:48','\"uomini\" d\'altri tempi proprio'),(55,'2017-07-03 20:10:57','2017-07-03 20:10:57',NULL,11,'2017-07-03 20:10:57','Soldiii'),(56,'2017-07-03 20:11:15','2017-07-03 20:11:15',NULL,9,'2017-07-03 20:11:15','mikrobo investi tutto nella tua società pls <3'),(57,'2017-07-03 20:12:12','2017-07-03 20:12:12',NULL,3,'2017-07-03 20:12:12','Il potere dei cash $$$$ vi rende spietati '),(58,'2017-07-03 20:12:48','2017-07-03 20:12:48',NULL,11,'2017-07-03 20:12:48','Noo e perché dovrei.. li spendo in figurine'),(59,'2017-07-03 20:13:19','2017-07-03 20:13:19',NULL,9,'2017-07-03 20:13:19','lol'),(60,'2017-07-03 20:38:19','2017-07-03 20:38:19',NULL,4,'2017-07-03 20:38:19','questo gioco tira fuori gli istinti peggiori'),(61,'2017-07-03 20:38:35','2017-07-03 20:38:35',NULL,4,'2017-07-03 20:38:35','a questo proposito: 00diavolettaforlove00 '),(62,'2017-07-04 08:04:07','2017-07-04 08:04:07',NULL,4,'2017-07-04 08:04:07','hai capito imperatrix...zittazitta'),(63,'2017-07-04 08:04:19','2017-07-04 08:04:19',NULL,4,'2017-07-04 08:04:19','si è fatta l\'asta per 200'),(64,'2017-07-04 08:04:26','2017-07-04 08:04:26',NULL,9,'2017-07-04 08:04:26','brav eh ._.'),(65,'2017-07-04 08:04:47','2017-07-04 08:04:47',NULL,3,'2017-07-04 08:04:47','problemi?'),(66,'2017-07-04 08:04:57','2017-07-04 08:04:57',NULL,9,'2017-07-04 08:04:57','lol'),(67,'2017-07-04 08:05:27','2017-07-04 08:05:27',NULL,9,'2017-07-04 08:05:27','mi sa che c\'è stato un bug, ho vinto 3 azioni su orariunina. ma le aste erano 2...'),(68,'2017-07-04 08:05:27','2017-07-04 08:05:27',NULL,4,'2017-07-04 08:05:27','azz paolo stammc zitt che questa ci paccarea pure ahahah'),(69,'2017-07-04 08:05:45','2017-07-04 08:05:45',NULL,4,'2017-07-04 08:05:45','infatti io ho ricevuto 2 report'),(70,'2017-07-04 08:05:55','2017-07-04 08:05:55',NULL,4,'2017-07-04 08:05:55','per la stessa asta'),(71,'2017-07-04 08:07:21','2017-07-04 08:07:21',NULL,9,'2017-07-04 08:07:21','eh purtroppo non ricordo quante azioni avevo prima, quindi non so se è solo un report duplicato o l\'asta si è duplicata. Credo la seconda :S alziamo le mani gaetà, senno pigliamm i buff'),(72,'2017-07-04 08:08:16','2017-07-04 08:08:16',NULL,4,'2017-07-04 08:08:16','secondo me è solo un report duplicato, perché il numero di azioni mi sembra giusto'),(73,'2017-07-04 08:08:58','2017-07-04 08:08:58',NULL,4,'2017-07-04 08:08:58','ma Mikrobo sarebbe una certa Nadia Cenatiempo?'),(74,'2017-07-04 08:09:42','2017-07-04 08:09:42',NULL,3,'2017-07-04 08:09:42','anche a me é arrivato un doppio report dell\'asta orari unina'),(75,'2017-07-04 08:11:11','2017-07-04 08:11:11',NULL,11,'2017-07-04 08:11:11','Nono'),(76,'2017-07-04 08:13:54','2017-07-04 08:13:54',NULL,9,'2017-07-04 08:13:54','ah allo sarà solo un problema di report, buono'),(77,'2017-07-04 08:16:54','2017-07-04 08:16:54',NULL,4,'2017-07-04 08:16:54',':/'),(78,'2017-07-04 09:03:34','2017-07-04 09:03:34',NULL,3,'2017-07-04 09:03:34','gaetaaa ho preso la galleria e la connessione non andava!'),(79,'2017-07-04 09:04:01','2017-07-04 09:04:01',NULL,3,'2017-07-04 09:04:01','hai vinto l\'asta solo per questo. Sappilo'),(80,'2017-07-04 09:09:03','2017-07-04 09:09:03',NULL,9,'2017-07-04 09:09:03','chiedi scusa gaetà'),(81,'2017-07-04 09:09:21','2017-07-04 09:09:21',NULL,4,'2017-07-04 09:09:21','ahahah'),(82,'2017-07-04 09:09:40','2017-07-04 09:09:40',NULL,4,'2017-07-04 09:09:40','*balletto della vittoria*'),(83,'2017-07-05 05:14:11','2017-07-05 05:14:11',NULL,1,'2017-07-05 05:14:11','imprenditori siamo agli sgoccioli'),(84,'2017-07-05 05:19:06','2017-07-05 05:19:06',NULL,4,'2017-07-05 05:19:06','Ci sono troppi nottambuli'),(85,'2017-07-05 09:01:34','2017-07-05 09:01:34',NULL,9,'2017-07-05 09:01:34','questi diavoli tentatori...'),(86,'2017-07-05 20:41:47','2017-07-05 20:41:47',NULL,3,'2017-07-05 20:41:47','Le vecchie volpi si son nascoste in tana stasera!'),(87,'2017-07-05 21:56:27','2017-07-05 21:56:27',NULL,1,'2017-07-05 21:56:27','ahahah'),(88,'2017-07-06 06:55:03','2017-07-06 06:55:03',NULL,4,'2017-07-06 06:55:03','giorno a tutti'),(89,'2017-07-06 07:05:17','2017-07-06 07:05:17',NULL,4,'2017-07-06 07:05:17','stiamo lavorando a un upgrade molto interessante'),(90,'2017-07-06 07:05:42','2017-07-06 07:05:42',NULL,3,'2017-07-06 07:05:42','ottimo!!!! '),(91,'2017-07-06 07:06:09','2017-07-06 07:06:09',NULL,3,'2017-07-06 07:06:09','ma il gioco è finito? '),(92,'2017-07-06 07:08:16','2017-07-06 07:08:16',NULL,9,'2017-07-06 07:08:16','salutate la capolista'),(93,'2017-07-06 07:49:41','2017-07-06 07:49:41',NULL,4,'2017-07-06 07:49:41',':/'),(94,'2017-07-06 07:50:22','2017-07-06 07:50:22',NULL,4,'2017-07-06 07:50:22','Mi escono minorati pure i commenti'),(95,'2017-07-06 07:50:40','2017-07-06 07:50:40',NULL,4,'2017-07-06 07:50:40','Ah OK si è messo apposto'),(96,'2017-07-06 07:52:56','2017-07-06 07:52:56',NULL,4,'2017-07-06 07:52:56','L\'importante è che ho superato il rendimento di crimperatrix'),(97,'2017-07-06 07:56:35','2017-07-06 07:56:35',NULL,3,'2017-07-06 07:56:35','Gaetano inutile che canti vittoria! ricorda che per 3turni non ho giocato ???? '),(98,'2017-07-06 07:56:54','2017-07-06 07:56:54',NULL,3,'2017-07-06 07:56:54','* ;-)');
/*!40000 ALTER TABLE `chat_messages` ENABLE KEYS */;
UNLOCK TABLES;

--
-- Table structure for table `companies`
--

DROP TABLE IF EXISTS `companies`;
/*!40101 SET @saved_cs_client     = @@character_set_client */;
/*!40101 SET character_set_client = utf8 */;
CREATE TABLE `companies` (
  `id` int(10) unsigned NOT NULL AUTO_INCREMENT,
  `created_at` timestamp NULL DEFAULT NULL,
  `updated_at` timestamp NULL DEFAULT NULL,
  `deleted_at` timestamp NULL DEFAULT NULL,
  `name` varchar(255) DEFAULT NULL,
  `share_capital` int(11) DEFAULT NULL,
  `ceo_id` int(10) unsigned DEFAULT NULL,
  `action_points` int(11) DEFAULT NULL,
  PRIMARY KEY (`id`),
  KEY `idx_companies_deleted_at` (`deleted_at`)
) ENGINE=InnoDB AUTO_INCREMENT=46 DEFAULT CHARSET=latin1;
/*!40101 SET character_set_client = @saved_cs_client */;

--
-- Dumping data for table `companies`
--

LOCK TABLES `companies` WRITE;
/*!40000 ALTER TABLE `companies` DISABLE KEYS */;
INSERT INTO `companies` VALUES (1,'2017-06-28 20:03:51','2017-07-06 07:00:15',NULL,'Rameico',311,3,8),(2,'2017-06-28 20:04:01','2017-07-06 07:00:15',NULL,'Mercedes',880,1,9),(3,'2017-06-28 20:09:21','2017-07-06 07:00:15',NULL,'RAI',359,4,5),(4,'2017-06-28 20:15:07','2017-07-06 07:00:15',NULL,'Ferrari',305,7,11),(5,'2017-06-28 20:59:17','2017-07-06 07:00:15',NULL,'Lauraeffe',90,5,5),(6,'2017-06-28 21:54:24','2017-07-06 07:35:41',NULL,'SCORO SPA',638,6,0),(7,'2017-06-28 23:28:14','2017-07-06 07:00:15',NULL,'Chiesa Cattolica',250,7,4),(8,'2017-06-29 05:50:27','2017-07-06 07:00:15',NULL,'Terronia',810,9,8),(9,'2017-06-29 15:38:31','2017-07-06 07:00:16',NULL,'Apple',405,10,7),(10,'2017-06-29 19:01:58','2017-07-06 07:39:02',NULL,'Razzi No Profit',634,6,0),(11,'2017-06-29 22:24:44','2017-07-06 07:00:16',NULL,'Dove',541,3,8),(12,'2017-06-30 07:27:44','2017-07-06 07:00:16',NULL,'TIM',412,4,6),(13,'2017-06-30 09:12:41','2017-07-06 07:00:16',NULL,'UniNa',658,1,8),(14,'2017-06-30 09:28:41','2017-07-06 07:00:16',NULL,'IeeeAntenna$ociety',861,11,8),(15,'2017-06-30 10:05:02','2017-07-06 07:00:16',NULL,'orariunina.it',302,9,9),(16,'2017-06-30 10:05:54','2017-07-06 07:00:16',NULL,'Mafia',258,10,8),(17,'2017-06-30 10:15:59','2017-07-06 07:00:16',NULL,'Eternit distribution ',169,7,4),(18,'2017-06-30 19:12:00','2017-07-06 07:00:16',NULL,'SKY',143,4,5),(19,'2017-06-30 21:42:12','2017-07-06 07:00:16',NULL,'MazzoccaPeripherals',483,1,9),(20,'2017-06-30 23:30:14','2017-07-06 07:00:16',NULL,'IeeeAero$pace',527,11,8),(21,'2017-07-01 06:14:42','2017-07-06 07:00:16',NULL,'Casertavecchia',225,13,4),(22,'2017-07-01 07:27:55','2017-07-06 07:37:27',NULL,'Del FRANCO',412,6,0),(23,'2017-07-01 08:25:31','2017-07-06 07:00:16',NULL,'Sacra Corona Unita',162,10,8),(24,'2017-07-01 08:26:55','2017-07-06 07:00:16',NULL,'Pozzovetere',60,13,4),(25,'2017-07-01 12:08:48','2017-07-06 07:00:16',NULL,'TheBigWheel Industries  ',411,7,4),(26,'2017-07-01 19:32:59','2017-07-06 07:00:16',NULL,'2EuroAPiacer',1153,1,9),(27,'2017-07-01 21:22:52','2017-07-06 07:00:16',NULL,'IlTriangoloNo!',66,13,4),(28,'2017-07-01 22:59:19','2017-07-06 07:05:22',NULL,'Nivea',679,3,4),(29,'2017-07-02 00:13:16','2017-07-06 07:00:16',NULL,'ENEL',358,4,4),(30,'2017-07-02 08:55:53','2017-07-06 07:00:16',NULL,'LA7',528,4,5),(31,'2017-07-02 10:02:23','2017-07-06 07:00:16',NULL,'Simplesso',159,9,5),(32,'2017-07-02 10:51:44','2017-07-06 07:00:16',NULL,'CercaCasa.it byCrisFlam',72,11,4),(33,'2017-07-02 18:01:42','2017-07-06 07:00:16',NULL,'Lamborghini ',36,2,6),(34,'2017-07-02 19:23:40','2017-07-06 07:00:16',NULL,'Poliedro',75,9,4),(35,'2017-07-02 20:21:57','2017-07-06 07:32:01',NULL,'Spotted Unina',103,6,0),(36,'2017-07-02 20:44:47','2017-07-06 07:00:16',NULL,'JhonnyStecchino',333,10,4),(37,'2017-07-03 09:05:35','2017-07-06 07:00:16',NULL,'VincBusters Corp. ',763,7,6),(38,'2017-07-03 13:02:13','2017-07-06 07:00:16',NULL,'AntonioCorps',105,10,4),(39,'2017-07-03 13:12:05','2017-07-06 07:00:16',NULL,'RIP',224,13,4),(40,'2017-07-03 19:08:33','2017-07-06 07:40:06',NULL,'Angelino Alfano',78,6,0),(41,'2017-07-03 19:52:32','2017-07-06 07:00:16',NULL,'Nvidia',69,9,4),(42,'2017-07-04 08:07:38','2017-07-06 07:33:10',NULL,'Goldman Sachs',83,6,0),(43,'2017-07-04 14:55:36','2017-07-06 07:00:16',NULL,'Impero',733,1,4),(44,'2017-07-04 15:03:50','2017-07-06 07:00:16',NULL,'uff',60,11,4),(45,'2017-07-05 22:14:02','2017-07-06 07:00:16',NULL,'KTM',485,7,4);
/*!40000 ALTER TABLE `companies` ENABLE KEYS */;
UNLOCK TABLES;

--
-- Table structure for table `messages`
--

DROP TABLE IF EXISTS `messages`;
/*!40101 SET @saved_cs_client     = @@character_set_client */;
/*!40101 SET character_set_client = utf8 */;
CREATE TABLE `messages` (
  `id` int(10) unsigned NOT NULL AUTO_INCREMENT,
  `created_at` timestamp NULL DEFAULT NULL,
  `updated_at` timestamp NULL DEFAULT NULL,
  `deleted_at` timestamp NULL DEFAULT NULL,
  `from_id` int(10) unsigned DEFAULT NULL,
  `to_id` int(10) unsigned DEFAULT NULL,
  `date` timestamp NULL DEFAULT NULL,
  `subject` varchar(255) DEFAULT NULL,
  `content` text,
  `read` tinyint(1) DEFAULT NULL,
  PRIMARY KEY (`id`),
  KEY `idx_messages_deleted_at` (`deleted_at`)
) ENGINE=InnoDB AUTO_INCREMENT=54 DEFAULT CHARSET=latin1;
/*!40101 SET character_set_client = @saved_cs_client */;

--
-- Dumping data for table `messages`
--

LOCK TABLES `messages` WRITE;
/*!40000 ALTER TABLE `messages` DISABLE KEYS */;
INSERT INTO `messages` VALUES (1,'2017-06-28 19:39:21','2017-06-28 20:00:18',NULL,2,1,'2017-06-28 19:39:21','oooh','ta chiavass a Restituta??',1),(2,'2017-06-28 20:03:08','2017-07-02 14:09:49',NULL,1,3,'2017-06-28 20:03:08','ciaoo','come puoi vedere l\'interfaccia e\' molto spartana, quindi se ti serve qualcosa fammi sapere :D',1),(3,'2017-06-28 20:12:48','2017-06-28 20:21:29',NULL,3,1,'2017-06-28 20:12:48','Sviatat','Domani mi leggo i regolam con calma ',1),(4,'2017-06-28 20:22:01','2017-07-02 14:09:55',NULL,1,3,'2017-06-28 20:22:01','trasferimento','ok intanto ho rifiutato il tuo trasferimento denaro, mo ti torna indietro il dollaro',1),(5,'2017-06-28 20:26:19','2017-06-29 15:57:02',NULL,1,2,'2017-06-28 20:26:19','ferrari','t mecc e pall ngap',1),(6,'2017-06-28 22:14:16','2017-07-01 17:50:09',NULL,0,1,'2017-06-28 22:14:16','slittamento turno 1','Salve a tutti.\r\nCome potete notare questa sera poche persone si sono potute iscrivere. Per questo motivo ho deciso di allungare il primo turno fino a domani sera. Da domani sera riprenderemo coi turni da 12 ore. Grazie e buon gioco :D',1),(7,'2017-06-28 22:14:16','2017-06-29 15:57:08',NULL,0,2,'2017-06-28 22:14:16','slittamento turno 1','Salve a tutti.\r\nCome potete notare questa sera poche persone si sono potute iscrivere. Per questo motivo ho deciso di allungare il primo turno fino a domani sera. Da domani sera riprenderemo coi turni da 12 ore. Grazie e buon gioco :D',1),(8,'2017-06-28 22:14:16','2017-07-02 14:10:00',NULL,0,3,'2017-06-28 22:14:16','slittamento turno 1','Salve a tutti.\r\nCome potete notare questa sera poche persone si sono potute iscrivere. Per questo motivo ho deciso di allungare il primo turno fino a domani sera. Da domani sera riprenderemo coi turni da 12 ore. Grazie e buon gioco :D',1),(9,'2017-06-28 22:14:16','2017-06-30 19:10:56',NULL,0,4,'2017-06-28 22:14:16','slittamento turno 1','Salve a tutti.\r\nCome potete notare questa sera poche persone si sono potute iscrivere. Per questo motivo ho deciso di allungare il primo turno fino a domani sera. Da domani sera riprenderemo coi turni da 12 ore. Grazie e buon gioco :D',1),(10,'2017-06-28 22:14:16','2017-06-28 22:15:55',NULL,0,5,'2017-06-28 22:14:16','slittamento turno 1','Salve a tutti.\r\nCome potete notare questa sera poche persone si sono potute iscrivere. Per questo motivo ho deciso di allungare il primo turno fino a domani sera. Da domani sera riprenderemo coi turni da 12 ore. Grazie e buon gioco :D',1),(11,'2017-06-28 22:14:16','2017-06-29 18:56:41',NULL,0,6,'2017-06-28 22:14:16','slittamento turno 1','Salve a tutti.\r\nCome potete notare questa sera poche persone si sono potute iscrivere. Per questo motivo ho deciso di allungare il primo turno fino a domani sera. Da domani sera riprenderemo coi turni da 12 ore. Grazie e buon gioco :D',1),(12,'2017-06-29 11:19:12','2017-06-29 18:56:49',NULL,7,6,'2017-06-29 11:19:12','ministro corrotto ','a buon rendere ',1),(13,'2017-06-29 16:03:35','2017-06-29 18:41:16',NULL,2,1,'2017-06-29 16:03:35','ooh','t mett i pall mocc',1),(14,'2017-06-29 18:57:13','2017-06-30 10:56:19',NULL,6,7,'2017-06-29 18:57:13','Razzi Merda','Antonio che combini? Sei un politico di merda',1),(15,'2017-07-01 10:04:18','2017-07-01 10:05:51',NULL,1,11,'2017-07-01 10:04:18','asta','amorinooooooo :D hai vinto l\'asta ahaha',1),(16,'2017-07-01 10:07:33','2017-07-01 10:09:32',NULL,11,1,'2017-07-01 10:07:33','Asta','-.- che c eè da ridere? Piuttosto mo vedi che devi fare...  sto troppo svantaggiata :(',1),(17,'2017-07-01 10:09:40','2017-07-01 10:14:43',NULL,1,11,'2017-07-01 10:09:40','asta','hai fondato qualche societa\'??',1),(18,'2017-07-01 10:16:32','2017-07-01 16:48:21',NULL,11,1,'2017-07-01 10:16:32','No money no society','Questo turno no, devo dare i soldi alle altre società che non ne hanno',1),(19,'2017-07-01 17:12:26','2017-07-01 20:13:45',NULL,1,2,'2017-07-01 17:12:26','News di mercato','ja lava\' u cess',1),(20,'2017-07-01 17:49:05','2017-07-01 17:50:07',NULL,0,1,'2017-07-01 17:49:05','Feedback','Salve a tutti.\r\nVorrei invitarvi, da qui alla fine della partita, ad inviare la vostra opinione e i vostri suggerimenti al giocatore \'vinc\' (io), dato che stiamo valutando come migliorare le meccaniche di gioco.\r\nGrazie e buon divertimento!',1),(21,'2017-07-01 17:49:05','2017-07-01 20:13:50',NULL,0,2,'2017-07-01 17:49:05','Feedback','Salve a tutti.\r\nVorrei invitarvi, da qui alla fine della partita, ad inviare la vostra opinione e i vostri suggerimenti al giocatore \'vinc\' (io), dato che stiamo valutando come migliorare le meccaniche di gioco.\r\nGrazie e buon divertimento!',1),(22,'2017-07-01 17:49:05','2017-07-02 14:09:36',NULL,0,3,'2017-07-01 17:49:05','Feedback','Salve a tutti.\r\nVorrei invitarvi, da qui alla fine della partita, ad inviare la vostra opinione e i vostri suggerimenti al giocatore \'vinc\' (io), dato che stiamo valutando come migliorare le meccaniche di gioco.\r\nGrazie e buon divertimento!',1),(23,'2017-07-01 17:49:05','2017-07-02 00:16:07',NULL,0,4,'2017-07-01 17:49:05','Feedback','Salve a tutti.\r\nVorrei invitarvi, da qui alla fine della partita, ad inviare la vostra opinione e i vostri suggerimenti al giocatore \'vinc\' (io), dato che stiamo valutando come migliorare le meccaniche di gioco.\r\nGrazie e buon divertimento!',1),(24,'2017-07-01 17:49:05','2017-07-02 22:18:29',NULL,0,5,'2017-07-01 17:49:05','Feedback','Salve a tutti.\r\nVorrei invitarvi, da qui alla fine della partita, ad inviare la vostra opinione e i vostri suggerimenti al giocatore \'vinc\' (io), dato che stiamo valutando come migliorare le meccaniche di gioco.\r\nGrazie e buon divertimento!',1),(25,'2017-07-01 17:49:05','2017-07-01 18:42:50',NULL,0,6,'2017-07-01 17:49:05','Feedback','Salve a tutti.\r\nVorrei invitarvi, da qui alla fine della partita, ad inviare la vostra opinione e i vostri suggerimenti al giocatore \'vinc\' (io), dato che stiamo valutando come migliorare le meccaniche di gioco.\r\nGrazie e buon divertimento!',1),(26,'2017-07-01 17:49:05','2017-07-01 23:05:54',NULL,0,7,'2017-07-01 17:49:05','Feedback','Salve a tutti.\r\nVorrei invitarvi, da qui alla fine della partita, ad inviare la vostra opinione e i vostri suggerimenti al giocatore \'vinc\' (io), dato che stiamo valutando come migliorare le meccaniche di gioco.\r\nGrazie e buon divertimento!',1),(27,'2017-07-01 17:49:05','2017-07-01 17:49:05',NULL,0,8,'2017-07-01 17:49:05','Feedback','Salve a tutti.\r\nVorrei invitarvi, da qui alla fine della partita, ad inviare la vostra opinione e i vostri suggerimenti al giocatore \'vinc\' (io), dato che stiamo valutando come migliorare le meccaniche di gioco.\r\nGrazie e buon divertimento!',0),(28,'2017-07-01 17:49:05','2017-07-01 21:08:52',NULL,0,9,'2017-07-01 17:49:05','Feedback','Salve a tutti.\r\nVorrei invitarvi, da qui alla fine della partita, ad inviare la vostra opinione e i vostri suggerimenti al giocatore \'vinc\' (io), dato che stiamo valutando come migliorare le meccaniche di gioco.\r\nGrazie e buon divertimento!',1),(29,'2017-07-01 17:49:05','2017-07-01 21:36:44',NULL,0,10,'2017-07-01 17:49:05','Feedback','Salve a tutti.\r\nVorrei invitarvi, da qui alla fine della partita, ad inviare la vostra opinione e i vostri suggerimenti al giocatore \'vinc\' (io), dato che stiamo valutando come migliorare le meccaniche di gioco.\r\nGrazie e buon divertimento!',1),(30,'2017-07-01 17:49:05','2017-07-01 18:03:49',NULL,0,11,'2017-07-01 17:49:05','Feedback','Salve a tutti.\r\nVorrei invitarvi, da qui alla fine della partita, ad inviare la vostra opinione e i vostri suggerimenti al giocatore \'vinc\' (io), dato che stiamo valutando come migliorare le meccaniche di gioco.\r\nGrazie e buon divertimento!',1),(31,'2017-07-01 17:49:05','2017-07-01 17:49:05',NULL,0,12,'2017-07-01 17:49:05','Feedback','Salve a tutti.\r\nVorrei invitarvi, da qui alla fine della partita, ad inviare la vostra opinione e i vostri suggerimenti al giocatore \'vinc\' (io), dato che stiamo valutando come migliorare le meccaniche di gioco.\r\nGrazie e buon divertimento!',0),(32,'2017-07-01 17:49:05','2017-07-01 21:18:49',NULL,0,13,'2017-07-01 17:49:05','Feedback','Salve a tutti.\r\nVorrei invitarvi, da qui alla fine della partita, ad inviare la vostra opinione e i vostri suggerimenti al giocatore \'vinc\' (io), dato che stiamo valutando come migliorare le meccaniche di gioco.\r\nGrazie e buon divertimento!',1),(33,'2017-07-01 18:05:00','2017-07-01 18:19:32',NULL,11,1,'2017-07-01 18:05:00','Miglioramenti','Potremmo migliorare l admin: questo è troppo formale...ma che è??? :P',1),(34,'2017-07-01 20:20:07','2017-07-01 22:05:06',NULL,2,1,'2017-07-01 20:20:07','Ooo','Mannagg a miseria m so saltat 3 turni, mi ero dimenticato proprio di impero, infatti solo per questo t si fatt ferrari',1),(35,'2017-07-01 22:05:18','2017-07-02 17:57:07',NULL,1,2,'2017-07-01 22:05:18','Ooo','e mitt\'t scuorn. e lav u cess',1),(36,'2017-07-01 23:06:36','2017-07-02 07:05:10',NULL,7,1,'2017-07-01 23:06:36','Suggerimento ','Appicct',1),(37,'2017-07-02 08:37:32','2017-07-02 08:38:01',NULL,6,1,'2017-07-02 08:37:32','corrotto ','vicie se ti invio dollari li fai fruttare?',1),(38,'2017-07-02 08:38:36','2017-07-02 20:17:43',NULL,1,6,'2017-07-02 08:38:36','regali','tra qualche turno faccio come robin hood. distribuiro\' ricchezza ai piu\' deboli',1),(39,'2017-07-02 08:39:07','2017-07-02 08:39:30',NULL,6,1,'2017-07-02 08:39:07','pablito','stile pablo escobar',1),(40,'2017-07-02 12:34:07','2017-07-02 13:21:15',NULL,4,1,'2017-07-02 12:34:07','Cristina','Vince se dai qualche dollaro in più a Cristina? Ha perso 5 turni così non rientrerà mai',1),(41,'2017-07-02 19:28:13','2017-07-02 19:31:41',NULL,3,11,'2017-07-02 19:28:13','<3','Vai Mikrobo <3',1),(42,'2017-07-02 20:23:53','2017-07-05 18:25:17',NULL,11,3,'2017-07-02 20:23:53','<3','Ahah..ma tu hai messo 15$ alla mia?',1),(43,'2017-07-02 20:34:30','2017-07-02 20:46:16',NULL,3,11,'2017-07-02 20:34:30','z','si ho puntato su tutte e due :D',1),(44,'2017-07-03 19:44:18','2017-07-03 19:59:29',NULL,3,11,'2017-07-03 19:44:18','.','sei tu su Dove?',1),(45,'2017-07-04 07:40:16','2017-07-04 14:49:29',NULL,4,1,'2017-07-04 07:40:16','crossover','vatti a vedere che ho combinato tra ENEL e SKY ahahahah',1),(46,'2017-07-05 05:28:52','2017-07-05 06:42:19',NULL,1,3,'2017-07-05 05:28:52','aste','ooo ma ne molli qualcuna?? ahahah',1),(47,'2017-07-05 06:42:55','2017-07-05 07:23:37',NULL,3,1,'2017-07-05 06:42:55','Aste','Ahahahaahahah :D',1),(48,'2017-07-05 08:54:54','2017-07-05 08:56:09',NULL,4,2,'2017-07-05 08:54:54','Ma pigl o ncul','Come da oggetto',1),(49,'2017-07-05 09:11:16','2017-07-05 10:34:46',NULL,9,11,'2017-07-05 09:11:16','Investimenti a buon rendere','Mikrobo pls investi prima di stasera e dopo stasera i soldi di IeeeAntenna$ociety... tieni un caffe pagato :D',1),(50,'2017-07-05 10:36:10','2017-07-05 12:02:37',NULL,11,9,'2017-07-05 10:36:10','...','ok poi però mi devi un caffè allora ',1),(51,'2017-07-05 19:56:46','2017-07-05 20:06:03',NULL,11,1,'2017-07-05 19:56:46','Allarme casa','Mi chiami per piacere',1),(52,'2017-07-05 20:21:34','2017-07-06 07:28:35',NULL,1,6,'2017-07-05 20:21:34','trasferimento vincente','paovalle ha in ingresso un trasferimento che gli consentirebbe di vincere... vedi tu se accettare i soldi che ti ho inviato',1),(53,'2017-07-06 07:28:56','2017-07-06 07:57:59',NULL,6,1,'2017-07-06 07:28:56','bastard','zuzzus ',1);
/*!40000 ALTER TABLE `messages` ENABLE KEYS */;
UNLOCK TABLES;

--
-- Table structure for table `nodes`
--

DROP TABLE IF EXISTS `nodes`;
/*!40101 SET @saved_cs_client     = @@character_set_client */;
/*!40101 SET character_set_client = utf8 */;
CREATE TABLE `nodes` (
  `id` int(10) unsigned NOT NULL AUTO_INCREMENT,
  `created_at` timestamp NULL DEFAULT NULL,
  `updated_at` timestamp NULL DEFAULT NULL,
  `deleted_at` timestamp NULL DEFAULT NULL,
  `x` int(11) DEFAULT NULL,
  `y` int(11) DEFAULT NULL,
  `yield` int(11) DEFAULT NULL,
  `owner_id` int(10) unsigned DEFAULT NULL,
  PRIMARY KEY (`id`),
  KEY `idx_nodes_deleted_at` (`deleted_at`)
) ENGINE=InnoDB AUTO_INCREMENT=892 DEFAULT CHARSET=latin1;
/*!40101 SET character_set_client = @saved_cs_client */;

--
-- Dumping data for table `nodes`
--

LOCK TABLES `nodes` WRITE;
/*!40000 ALTER TABLE `nodes` DISABLE KEYS */;
INSERT INTO `nodes` VALUES (1,'0000-00-00 00:00:00','2017-06-28 19:04:11',NULL,21,1,1,0),(2,'0000-00-00 00:00:00','2017-07-04 07:07:21',NULL,16,2,50,15),(3,'0000-00-00 00:00:00','2017-06-28 19:04:11',NULL,18,2,6,0),(4,'0000-00-00 00:00:00','2017-06-28 19:04:11',NULL,19,2,6,0),(5,'0000-00-00 00:00:00','2017-07-04 08:06:08',NULL,20,2,50,15),(6,'0000-00-00 00:00:00','2017-06-28 19:04:11',NULL,21,2,3,0),(7,'0000-00-00 00:00:00','2017-06-28 19:04:11',NULL,22,2,3,0),(8,'0000-00-00 00:00:00','2017-06-28 19:04:11',NULL,15,3,1,0),(9,'0000-00-00 00:00:00','2017-06-28 19:04:11',NULL,16,3,3,0),(10,'0000-00-00 00:00:00','2017-07-02 19:22:09',NULL,17,3,3,15),(11,'0000-00-00 00:00:00','2017-07-03 19:17:13',NULL,18,3,50,15),(12,'0000-00-00 00:00:00','2017-06-28 19:04:11',NULL,19,3,6,0),(13,'0000-00-00 00:00:00','2017-06-28 19:04:11',NULL,20,3,3,0),(14,'0000-00-00 00:00:00','2017-07-04 19:25:34',NULL,21,3,50,15),(15,'0000-00-00 00:00:00','2017-07-02 07:04:09',NULL,22,3,50,15),(16,'0000-00-00 00:00:00','2017-06-28 19:04:11',NULL,23,3,3,0),(17,'0000-00-00 00:00:00','2017-07-04 07:07:14',NULL,14,4,50,15),(18,'0000-00-00 00:00:00','2017-07-05 20:05:11',NULL,15,4,50,35),(19,'0000-00-00 00:00:00','2017-06-28 19:04:11',NULL,16,4,3,0),(20,'0000-00-00 00:00:00','2017-06-28 19:04:11',NULL,17,4,6,0),(21,'0000-00-00 00:00:00','2017-07-02 19:22:04',NULL,18,4,3,15),(22,'0000-00-00 00:00:00','2017-07-05 07:28:34',NULL,19,4,50,15),(23,'0000-00-00 00:00:00','2017-07-04 19:25:53',NULL,20,4,50,15),(24,'0000-00-00 00:00:00','2017-06-28 19:04:11',NULL,21,4,1,0),(25,'0000-00-00 00:00:00','2017-07-04 19:25:11',NULL,22,4,50,15),(26,'0000-00-00 00:00:00','2017-07-04 07:30:12',NULL,23,4,50,30),(27,'0000-00-00 00:00:00','2017-07-03 14:27:25',NULL,24,4,50,30),(28,'0000-00-00 00:00:00','2017-07-04 07:30:19',NULL,25,4,50,30),(29,'0000-00-00 00:00:00','2017-06-28 19:04:11',NULL,26,4,3,0),(30,'0000-00-00 00:00:00','2017-06-28 19:04:11',NULL,27,4,3,0),(31,'0000-00-00 00:00:00','2017-06-28 19:04:11',NULL,11,5,1,0),(32,'0000-00-00 00:00:00','2017-07-04 08:02:56',NULL,14,5,50,35),(33,'0000-00-00 00:00:00','2017-07-05 19:10:47',NULL,15,5,50,15),(34,'0000-00-00 00:00:00','2017-06-28 19:04:11',NULL,16,5,3,0),(35,'0000-00-00 00:00:00','2017-06-28 19:04:11',NULL,17,5,1,0),(36,'0000-00-00 00:00:00','2017-07-05 22:15:01',NULL,18,5,25,45),(37,'0000-00-00 00:00:00','2017-07-05 07:28:51',NULL,19,5,50,15),(38,'0000-00-00 00:00:00','2017-06-28 19:04:11',NULL,20,5,3,0),(39,'0000-00-00 00:00:00','2017-06-30 10:05:02',NULL,21,5,1,15),(40,'0000-00-00 00:00:00','2017-07-05 11:12:33',NULL,22,5,50,30),(41,'0000-00-00 00:00:00','2017-06-28 19:04:11',NULL,23,5,3,0),(42,'0000-00-00 00:00:00','2017-07-02 08:56:37',NULL,24,5,1,30),(43,'0000-00-00 00:00:00','2017-07-04 07:30:29',NULL,25,5,50,30),(44,'0000-00-00 00:00:00','2017-06-28 19:04:11',NULL,26,5,3,0),(45,'0000-00-00 00:00:00','2017-06-28 19:04:11',NULL,27,5,1,0),(46,'0000-00-00 00:00:00','2017-06-28 19:04:11',NULL,6,6,3,0),(47,'0000-00-00 00:00:00','2017-06-28 19:04:11',NULL,7,6,1,0),(48,'0000-00-00 00:00:00','2017-06-28 19:04:11',NULL,8,6,3,0),(49,'0000-00-00 00:00:00','2017-06-28 19:04:11',NULL,11,6,6,0),(50,'0000-00-00 00:00:00','2017-06-28 19:04:11',NULL,12,6,3,0),(51,'0000-00-00 00:00:00','2017-06-28 19:04:11',NULL,13,6,1,0),(52,'0000-00-00 00:00:00','2017-07-03 09:38:45',NULL,14,6,3,35),(53,'0000-00-00 00:00:00','2017-06-28 19:04:11',NULL,15,6,3,0),(54,'0000-00-00 00:00:00','2017-07-04 07:07:09',NULL,16,6,50,15),(55,'0000-00-00 00:00:00','2017-06-30 19:03:22',NULL,17,6,3,15),(56,'0000-00-00 00:00:00','2017-06-30 19:03:17',NULL,18,6,3,15),(57,'0000-00-00 00:00:00','2017-07-04 08:06:02',NULL,19,6,50,15),(58,'0000-00-00 00:00:00','2017-06-28 19:04:11',NULL,20,6,3,0),(59,'0000-00-00 00:00:00','2017-06-28 19:04:11',NULL,21,6,3,0),(60,'0000-00-00 00:00:00','2017-06-28 19:04:11',NULL,22,6,1,0),(61,'0000-00-00 00:00:00','2017-07-05 21:53:36',NULL,23,6,12,30),(62,'0000-00-00 00:00:00','2017-07-04 07:30:38',NULL,24,6,50,30),(63,'0000-00-00 00:00:00','2017-06-28 19:04:11',NULL,25,6,3,0),(64,'0000-00-00 00:00:00','2017-06-28 19:04:11',NULL,26,6,3,0),(65,'0000-00-00 00:00:00','2017-06-28 19:04:11',NULL,27,6,1,0),(66,'0000-00-00 00:00:00','2017-06-28 19:04:11',NULL,6,7,3,0),(67,'0000-00-00 00:00:00','2017-07-04 07:05:51',NULL,7,7,50,8),(68,'0000-00-00 00:00:00','2017-06-28 19:04:11',NULL,8,7,3,0),(69,'0000-00-00 00:00:00','2017-06-28 19:04:11',NULL,10,7,6,0),(70,'0000-00-00 00:00:00','2017-06-28 19:04:11',NULL,11,7,3,0),(71,'0000-00-00 00:00:00','2017-07-01 08:25:31',NULL,12,7,1,21),(72,'0000-00-00 00:00:00','2017-07-01 21:26:26',NULL,13,7,12,21),(73,'0000-00-00 00:00:00','2017-07-06 07:32:01',NULL,14,7,50,35),(74,'0000-00-00 00:00:00','2017-07-05 07:29:10',NULL,15,7,50,15),(75,'0000-00-00 00:00:00','2017-06-28 19:04:11',NULL,16,7,3,0),(76,'0000-00-00 00:00:00','2017-06-28 19:04:11',NULL,17,7,3,0),(77,'0000-00-00 00:00:00','2017-06-28 19:04:11',NULL,18,7,3,0),(78,'0000-00-00 00:00:00','2017-07-01 07:02:51',NULL,19,7,3,15),(79,'0000-00-00 00:00:00','2017-07-01 19:04:23',NULL,20,7,50,15),(80,'0000-00-00 00:00:00','2017-06-28 19:04:11',NULL,21,7,3,0),(81,'0000-00-00 00:00:00','2017-07-04 19:23:45',NULL,22,7,50,30),(82,'0000-00-00 00:00:00','2017-07-05 21:52:55',NULL,23,7,50,30),(83,'0000-00-00 00:00:00','2017-07-04 08:08:50',NULL,24,7,50,31),(84,'0000-00-00 00:00:00','2017-07-04 19:24:08',NULL,25,7,50,30),(85,'0000-00-00 00:00:00','2017-06-28 19:04:11',NULL,26,7,3,0),(86,'0000-00-00 00:00:00','2017-06-28 19:04:11',NULL,27,7,3,0),(87,'0000-00-00 00:00:00','2017-06-28 19:04:11',NULL,28,7,3,0),(88,'0000-00-00 00:00:00','2017-06-28 19:04:11',NULL,2,8,3,0),(89,'0000-00-00 00:00:00','2017-06-28 19:04:11',NULL,3,8,1,0),(90,'0000-00-00 00:00:00','2017-06-28 19:04:11',NULL,4,8,1,0),(91,'0000-00-00 00:00:00','2017-06-28 19:04:11',NULL,5,8,1,0),(92,'0000-00-00 00:00:00','2017-07-01 19:02:35',NULL,6,8,1,8),(93,'0000-00-00 00:00:00','2017-07-01 19:02:44',NULL,7,8,50,8),(94,'0000-00-00 00:00:00','2017-07-03 13:15:44',NULL,8,8,3,21),(95,'0000-00-00 00:00:00','2017-06-28 19:04:11',NULL,9,8,1,0),(96,'0000-00-00 00:00:00','2017-06-28 19:04:11',NULL,10,8,3,0),(97,'0000-00-00 00:00:00','2017-07-01 06:17:54',NULL,11,8,1,21),(98,'0000-00-00 00:00:00','2017-06-28 19:04:11',NULL,12,8,1,0),(99,'0000-00-00 00:00:00','2017-07-03 19:05:11',NULL,13,8,3,35),(100,'0000-00-00 00:00:00','2017-07-05 07:33:37',NULL,14,8,50,35),(101,'0000-00-00 00:00:00','2017-07-03 09:38:17',NULL,15,8,3,35),(102,'0000-00-00 00:00:00','2017-07-02 20:21:57',NULL,16,8,1,35),(103,'0000-00-00 00:00:00','2017-07-04 21:38:46',NULL,17,8,50,35),(104,'0000-00-00 00:00:00','2017-07-04 08:03:13',NULL,18,8,50,35),(105,'0000-00-00 00:00:00','2017-06-28 19:04:11',NULL,19,8,3,0),(106,'0000-00-00 00:00:00','2017-07-01 07:02:59',NULL,20,8,3,15),(107,'0000-00-00 00:00:00','2017-06-28 19:04:11',NULL,21,8,1,0),(108,'0000-00-00 00:00:00','2017-07-05 22:15:55',NULL,22,8,50,17),(109,'0000-00-00 00:00:00','2017-07-02 08:55:53',NULL,23,8,1,30),(110,'0000-00-00 00:00:00','2017-06-28 19:04:11',NULL,24,8,3,0),(111,'0000-00-00 00:00:00','2017-07-04 19:26:24',NULL,25,8,50,31),(112,'0000-00-00 00:00:00','2017-07-05 19:15:47',NULL,26,8,50,31),(113,'0000-00-00 00:00:00','2017-07-04 08:08:57',NULL,27,8,50,31),(114,'0000-00-00 00:00:00','2017-06-28 19:04:11',NULL,28,8,3,0),(115,'0000-00-00 00:00:00','2017-06-28 19:04:11',NULL,2,9,1,0),(116,'0000-00-00 00:00:00','2017-06-28 19:04:11',NULL,3,9,3,0),(117,'0000-00-00 00:00:00','2017-06-28 19:04:11',NULL,4,9,3,0),(118,'0000-00-00 00:00:00','2017-07-05 19:06:11',NULL,5,9,50,8),(119,'0000-00-00 00:00:00','2017-06-28 19:04:11',NULL,6,9,3,0),(120,'0000-00-00 00:00:00','2017-06-28 19:04:11',NULL,7,9,1,0),(121,'0000-00-00 00:00:00','2017-07-03 13:13:46',NULL,8,9,50,21),(122,'0000-00-00 00:00:00','2017-07-01 06:17:12',NULL,9,9,1,21),(123,'0000-00-00 00:00:00','2017-07-01 06:14:43',NULL,10,9,1,21),(124,'0000-00-00 00:00:00','2017-07-04 09:21:11',NULL,11,9,50,2),(125,'0000-00-00 00:00:00','2017-07-03 13:14:54',NULL,12,9,12,21),(126,'0000-00-00 00:00:00','2017-07-05 20:05:26',NULL,13,9,50,35),(127,'0000-00-00 00:00:00','2017-06-28 19:04:11',NULL,14,9,3,0),(128,'0000-00-00 00:00:00','2017-07-04 19:19:26',NULL,15,9,50,1),(129,'0000-00-00 00:00:00','2017-07-05 08:52:59',NULL,16,9,50,1),(130,'0000-00-00 00:00:00','2017-07-05 20:35:00',NULL,17,9,12,1),(131,'0000-00-00 00:00:00','2017-06-28 19:04:11',NULL,18,9,1,0),(132,'0000-00-00 00:00:00','2017-06-28 19:04:11',NULL,19,9,1,0),(133,'0000-00-00 00:00:00','2017-07-01 07:03:05',NULL,20,9,3,15),(134,'0000-00-00 00:00:00','2017-07-03 08:56:44',NULL,21,9,50,17),(135,'0000-00-00 00:00:00','2017-07-02 07:20:12',NULL,22,9,50,17),(136,'0000-00-00 00:00:00','2017-06-28 19:04:11',NULL,23,9,1,0),(137,'0000-00-00 00:00:00','2017-07-02 19:20:44',NULL,24,9,3,31),(138,'0000-00-00 00:00:00','2017-06-28 19:04:11',NULL,25,9,3,0),(139,'0000-00-00 00:00:00','2017-06-30 19:01:20',NULL,2,10,3,8),(140,'0000-00-00 00:00:00','2017-07-05 19:06:47',NULL,3,10,50,8),(141,'0000-00-00 00:00:00','2017-06-30 19:01:08',NULL,4,10,3,8),(142,'0000-00-00 00:00:00','2017-06-28 19:04:11',NULL,5,10,3,0),(143,'0000-00-00 00:00:00','2017-06-28 19:04:11',NULL,6,10,1,0),(144,'0000-00-00 00:00:00','2017-07-01 19:20:51',NULL,7,10,50,2),(145,'0000-00-00 00:00:00','2017-07-02 07:55:53',NULL,8,10,50,2),(146,'0000-00-00 00:00:00','2017-06-28 19:04:11',NULL,9,10,1,0),(147,'0000-00-00 00:00:00','2017-07-02 19:38:02',NULL,10,10,50,2),(148,'0000-00-00 00:00:00','2017-07-05 20:14:48',NULL,11,10,25,2),(149,'0000-00-00 00:00:00','2017-07-03 13:14:29',NULL,12,10,25,21),(150,'0000-00-00 00:00:00','2017-07-05 08:54:02',NULL,13,10,50,1),(151,'0000-00-00 00:00:00','2017-07-04 07:11:32',NULL,14,10,50,1),(152,'0000-00-00 00:00:00','2017-07-05 08:52:26',NULL,15,10,50,1),(153,'0000-00-00 00:00:00','2017-06-28 19:04:11',NULL,16,10,3,0),(154,'0000-00-00 00:00:00','2017-07-03 08:53:23',NULL,17,10,50,4),(155,'0000-00-00 00:00:00','2017-06-28 19:04:11',NULL,18,10,3,0),(156,'0000-00-00 00:00:00','2017-06-28 19:04:11',NULL,19,10,3,0),(157,'0000-00-00 00:00:00','2017-07-05 22:16:23',NULL,20,10,50,17),(158,'0000-00-00 00:00:00','2017-06-28 19:04:11',NULL,21,10,3,0),(159,'0000-00-00 00:00:00','2017-07-02 10:03:05',NULL,22,10,3,31),(160,'0000-00-00 00:00:00','2017-07-04 19:26:31',NULL,23,10,50,31),(161,'0000-00-00 00:00:00','2017-06-28 19:04:11',NULL,24,10,3,0),(162,'0000-00-00 00:00:00','2017-07-02 07:02:01',NULL,3,11,50,8),(163,'0000-00-00 00:00:00','2017-07-04 19:24:25',NULL,4,11,50,8),(164,'0000-00-00 00:00:00','2017-06-29 05:50:27',NULL,5,11,1,8),(165,'0000-00-00 00:00:00','2017-06-28 19:04:11',NULL,6,11,1,0),(166,'0000-00-00 00:00:00','2017-07-01 07:13:40',NULL,7,11,50,2),(167,'0000-00-00 00:00:00','2017-07-05 08:23:42',NULL,8,11,50,2),(168,'0000-00-00 00:00:00','2017-07-05 08:23:31',NULL,9,11,25,2),(169,'0000-00-00 00:00:00','2017-06-28 19:04:11',NULL,10,11,1,0),(170,'0000-00-00 00:00:00','2017-07-02 19:38:10',NULL,11,11,50,2),(171,'0000-00-00 00:00:00','2017-07-05 20:14:23',NULL,12,11,50,2),(172,'0000-00-00 00:00:00','2017-07-03 20:28:39',NULL,13,11,25,18),(173,'0000-00-00 00:00:00','2017-07-03 19:29:23',NULL,14,11,50,1),(174,'0000-00-00 00:00:00','2017-07-02 08:44:45',NULL,15,11,50,29),(175,'0000-00-00 00:00:00','2017-07-02 08:44:31',NULL,16,11,3,29),(176,'0000-00-00 00:00:00','2017-07-04 12:41:13',NULL,17,11,50,4),(177,'0000-00-00 00:00:00','2017-06-28 19:04:11',NULL,18,11,3,0),(178,'0000-00-00 00:00:00','2017-07-06 07:33:10',NULL,19,11,50,42),(179,'0000-00-00 00:00:00','2017-07-02 10:02:23',NULL,20,11,1,31),(180,'0000-00-00 00:00:00','2017-07-05 07:30:08',NULL,21,11,50,31),(181,'0000-00-00 00:00:00','2017-07-05 19:15:31',NULL,22,11,3,31),(182,'0000-00-00 00:00:00','2017-06-28 19:04:11',NULL,23,11,1,0),(183,'0000-00-00 00:00:00','2017-07-02 07:02:43',NULL,2,12,50,8),(184,'0000-00-00 00:00:00','2017-07-05 07:27:09',NULL,3,12,50,8),(185,'0000-00-00 00:00:00','2017-07-02 19:19:32',NULL,4,12,50,8),(186,'0000-00-00 00:00:00','2017-06-29 05:51:13',NULL,5,12,1,8),(187,'0000-00-00 00:00:00','2017-06-28 19:04:11',NULL,6,12,3,0),(188,'0000-00-00 00:00:00','2017-06-28 19:04:11',NULL,7,12,3,0),(189,'0000-00-00 00:00:00','2017-06-30 21:37:38',NULL,8,12,50,2),(190,'0000-00-00 00:00:00','2017-07-04 09:20:31',NULL,9,12,50,2),(191,'0000-00-00 00:00:00','2017-06-30 21:37:42',NULL,10,12,50,2),(192,'0000-00-00 00:00:00','2017-06-28 19:04:11',NULL,11,12,3,0),(193,'0000-00-00 00:00:00','2017-07-03 14:25:03',NULL,12,12,3,18),(194,'0000-00-00 00:00:00','2017-07-03 19:29:11',NULL,13,12,50,1),(195,'0000-00-00 00:00:00','2017-07-03 14:25:12',NULL,14,12,25,18),(196,'0000-00-00 00:00:00','2017-07-03 08:53:37',NULL,15,12,50,4),(197,'0000-00-00 00:00:00','2017-07-03 08:53:59',NULL,16,12,50,4),(198,'0000-00-00 00:00:00','2017-07-02 08:44:21',NULL,17,12,3,29),(199,'0000-00-00 00:00:00','2017-07-04 12:42:53',NULL,18,12,50,4),(200,'0000-00-00 00:00:00','2017-07-04 19:27:06',NULL,19,12,50,31),(201,'0000-00-00 00:00:00','2017-07-04 08:07:39',NULL,20,12,1,42),(202,'0000-00-00 00:00:00','2017-07-05 20:04:30',NULL,21,12,50,42),(203,'0000-00-00 00:00:00','2017-07-05 07:39:16',NULL,22,12,50,42),(204,'0000-00-00 00:00:00','2017-07-04 20:30:01',NULL,23,12,50,42),(205,'0000-00-00 00:00:00','2017-06-28 19:04:11',NULL,1,13,3,0),(206,'0000-00-00 00:00:00','2017-06-28 19:04:11',NULL,2,13,3,0),(207,'0000-00-00 00:00:00','2017-06-28 19:04:11',NULL,3,13,3,0),(208,'0000-00-00 00:00:00','2017-07-05 07:27:37',NULL,4,13,50,8),(209,'0000-00-00 00:00:00','2017-07-02 07:02:06',NULL,5,13,50,8),(210,'0000-00-00 00:00:00','2017-06-28 19:04:11',NULL,6,13,3,0),(211,'0000-00-00 00:00:00','2017-06-28 19:04:11',NULL,7,13,3,0),(212,'0000-00-00 00:00:00','2017-06-28 19:04:11',NULL,8,13,3,0),(213,'0000-00-00 00:00:00','2017-07-02 07:56:29',NULL,9,13,50,2),(214,'0000-00-00 00:00:00','2017-06-28 19:04:11',NULL,10,13,3,0),(215,'0000-00-00 00:00:00','2017-07-02 07:56:34',NULL,11,13,50,2),(216,'0000-00-00 00:00:00','2017-07-05 20:34:09',NULL,12,13,50,1),(217,'0000-00-00 00:00:00','2017-07-03 14:24:52',NULL,13,13,3,18),(218,'0000-00-00 00:00:00','2017-07-03 20:28:19',NULL,14,13,25,18),(219,'0000-00-00 00:00:00','2017-07-05 21:57:21',NULL,15,13,50,18),(220,'0000-00-00 00:00:00','2017-07-05 21:58:43',NULL,16,13,50,29),(221,'0000-00-00 00:00:00','2017-06-28 19:04:11',NULL,17,13,1,0),(222,'0000-00-00 00:00:00','2017-07-04 23:48:23',NULL,18,13,50,4),(223,'0000-00-00 00:00:00','2017-06-28 19:04:11',NULL,19,13,3,0),(224,'0000-00-00 00:00:00','2017-07-04 09:21:41',NULL,20,13,50,13),(225,'0000-00-00 00:00:00','2017-06-28 19:04:11',NULL,21,13,3,0),(226,'0000-00-00 00:00:00','2017-06-28 19:04:11',NULL,22,13,3,0),(227,'0000-00-00 00:00:00','2017-06-28 19:04:11',NULL,23,13,1,0),(228,'0000-00-00 00:00:00','2017-06-28 19:04:11',NULL,24,13,3,0),(229,'0000-00-00 00:00:00','2017-06-28 19:04:11',NULL,1,14,1,0),(230,'0000-00-00 00:00:00','2017-06-28 19:04:11',NULL,2,14,1,0),(231,'0000-00-00 00:00:00','2017-06-30 19:01:30',NULL,3,14,3,8),(232,'0000-00-00 00:00:00','2017-07-05 19:07:08',NULL,4,14,12,8),(233,'0000-00-00 00:00:00','2017-07-03 11:34:53',NULL,5,14,50,8),(234,'0000-00-00 00:00:00','2017-06-28 19:04:11',NULL,6,14,3,0),(235,'0000-00-00 00:00:00','2017-06-28 19:04:11',NULL,7,14,3,0),(236,'0000-00-00 00:00:00','2017-06-28 19:04:11',NULL,8,14,3,0),(237,'0000-00-00 00:00:00','2017-06-28 19:04:11',NULL,9,14,1,0),(238,'0000-00-00 00:00:00','2017-07-04 09:19:57',NULL,10,14,50,2),(239,'0000-00-00 00:00:00','2017-06-28 19:04:11',NULL,11,14,3,0),(240,'0000-00-00 00:00:00','2017-06-28 19:04:11',NULL,12,14,3,0),(241,'0000-00-00 00:00:00','2017-06-28 19:04:11',NULL,13,14,3,0),(242,'0000-00-00 00:00:00','2017-07-02 21:42:35',NULL,14,14,25,18),(243,'0000-00-00 00:00:00','2017-07-03 20:28:29',NULL,15,14,25,18),(244,'0000-00-00 00:00:00','2017-07-05 11:11:28',NULL,16,14,50,29),(245,'0000-00-00 00:00:00','2017-06-28 19:04:11',NULL,17,14,3,0),(246,'0000-00-00 00:00:00','2017-07-05 22:19:22',NULL,18,14,25,4),(247,'0000-00-00 00:00:00','2017-07-05 22:17:38',NULL,19,14,50,4),(248,'0000-00-00 00:00:00','2017-07-02 07:51:03',NULL,20,14,50,13),(249,'0000-00-00 00:00:00','2017-07-02 07:49:17',NULL,21,14,50,13),(250,'0000-00-00 00:00:00','2017-07-02 07:49:04',NULL,22,14,50,13),(251,'0000-00-00 00:00:00','2017-07-02 19:41:06',NULL,23,14,50,13),(252,'0000-00-00 00:00:00','2017-06-28 19:04:11',NULL,2,15,3,0),(253,'0000-00-00 00:00:00','2017-07-04 19:23:54',NULL,3,15,50,8),(254,'0000-00-00 00:00:00','2017-06-28 20:59:17',NULL,4,15,1,5),(255,'0000-00-00 00:00:00','2017-06-28 19:04:11',NULL,5,15,1,0),(256,'0000-00-00 00:00:00','2017-07-04 07:06:18',NULL,6,15,50,8),(257,'0000-00-00 00:00:00','2017-07-04 07:06:43',NULL,7,15,50,8),(258,'0000-00-00 00:00:00','2017-07-03 11:50:42',NULL,8,15,1,5),(259,'0000-00-00 00:00:00','2017-07-03 13:17:22',NULL,9,15,25,27),(260,'0000-00-00 00:00:00','2017-07-03 13:18:09',NULL,10,15,3,27),(261,'0000-00-00 00:00:00','2017-06-30 21:37:48',NULL,11,15,50,2),(262,'0000-00-00 00:00:00','2017-06-28 19:04:11',NULL,12,15,3,0),(263,'0000-00-00 00:00:00','2017-06-28 19:04:11',NULL,13,15,3,0),(264,'0000-00-00 00:00:00','2017-07-05 21:57:56',NULL,14,15,3,18),(265,'0000-00-00 00:00:00','2017-07-05 21:57:11',NULL,15,15,50,18),(266,'0000-00-00 00:00:00','2017-07-05 11:11:01',NULL,16,15,50,29),(267,'0000-00-00 00:00:00','2017-07-04 19:22:24',NULL,17,15,50,29),(268,'0000-00-00 00:00:00','2017-07-05 22:18:28',NULL,18,15,3,4),(269,'0000-00-00 00:00:00','2017-06-28 19:04:11',NULL,19,15,3,0),(270,'0000-00-00 00:00:00','2017-07-01 09:35:27',NULL,20,15,50,13),(271,'0000-00-00 00:00:00','2017-07-02 07:49:35',NULL,21,15,50,13),(272,'0000-00-00 00:00:00','2017-07-05 08:28:03',NULL,22,15,50,13),(273,'0000-00-00 00:00:00','2017-07-04 09:22:07',NULL,23,15,50,13),(274,'0000-00-00 00:00:00','2017-07-01 07:01:43',NULL,2,16,3,8),(275,'0000-00-00 00:00:00','2017-06-28 19:04:11',NULL,3,16,1,0),(276,'0000-00-00 00:00:00','2017-07-03 11:35:33',NULL,4,16,3,8),(277,'0000-00-00 00:00:00','2017-06-29 12:24:28',NULL,5,16,3,5),(278,'0000-00-00 00:00:00','2017-07-02 22:22:52',NULL,6,16,3,5),(279,'0000-00-00 00:00:00','2017-07-03 21:53:50',NULL,7,16,6,5),(280,'0000-00-00 00:00:00','2017-07-01 21:25:39',NULL,8,16,3,27),(281,'0000-00-00 00:00:00','2017-06-28 19:04:11',NULL,9,16,3,0),(282,'0000-00-00 00:00:00','2017-06-28 19:04:11',NULL,10,16,3,0),(283,'0000-00-00 00:00:00','2017-06-28 19:04:11',NULL,11,16,1,0),(284,'0000-00-00 00:00:00','2017-07-04 19:22:02',NULL,12,16,50,36),(285,'0000-00-00 00:00:00','2017-06-28 19:04:11',NULL,13,16,3,0),(286,'0000-00-00 00:00:00','2017-07-05 21:56:54',NULL,14,16,50,18),(287,'0000-00-00 00:00:00','2017-07-03 20:29:19',NULL,15,16,50,29),(288,'0000-00-00 00:00:00','2017-07-04 19:22:16',NULL,16,16,50,29),(289,'0000-00-00 00:00:00','2017-06-28 19:04:11',NULL,17,16,3,0),(290,'0000-00-00 00:00:00','2017-07-06 07:38:16',NULL,18,16,50,10),(291,'0000-00-00 00:00:00','2017-07-05 20:08:34',NULL,19,16,50,10),(292,'0000-00-00 00:00:00','2017-07-04 19:30:21',NULL,20,16,50,13),(293,'0000-00-00 00:00:00','2017-07-05 20:15:42',NULL,21,16,50,13),(294,'0000-00-00 00:00:00','2017-06-28 19:04:11',NULL,22,16,1,0),(295,'0000-00-00 00:00:00','2017-07-05 20:16:12',NULL,23,16,12,13),(296,'0000-00-00 00:00:00','2017-07-02 19:19:21',NULL,2,17,50,8),(297,'0000-00-00 00:00:00','2017-06-28 19:04:11',NULL,3,17,1,0),(298,'0000-00-00 00:00:00','2017-06-28 19:04:11',NULL,4,17,1,0),(299,'0000-00-00 00:00:00','2017-07-02 22:22:13',NULL,5,17,3,5),(300,'0000-00-00 00:00:00','2017-06-28 19:04:11',NULL,6,17,3,0),(301,'0000-00-00 00:00:00','2017-07-03 21:53:35',NULL,7,17,12,5),(302,'0000-00-00 00:00:00','2017-07-03 21:50:59',NULL,8,17,25,5),(303,'0000-00-00 00:00:00','2017-06-28 19:04:11',NULL,10,17,3,0),(304,'0000-00-00 00:00:00','2017-06-28 19:04:11',NULL,11,17,3,0),(305,'0000-00-00 00:00:00','2017-07-04 19:22:36',NULL,12,17,12,36),(306,'0000-00-00 00:00:00','2017-07-03 07:04:09',NULL,13,17,50,36),(307,'0000-00-00 00:00:00','2017-07-02 21:43:50',NULL,14,17,3,29),(308,'0000-00-00 00:00:00','2017-07-03 20:29:28',NULL,15,17,50,29),(309,'0000-00-00 00:00:00','2017-06-28 19:04:11',NULL,16,17,1,0),(310,'0000-00-00 00:00:00','2017-06-28 19:04:11',NULL,17,17,3,0),(311,'0000-00-00 00:00:00','2017-07-03 09:35:52',NULL,18,17,50,10),(312,'0000-00-00 00:00:00','2017-06-28 19:04:11',NULL,19,17,3,0),(313,'0000-00-00 00:00:00','2017-07-05 08:28:08',NULL,20,17,50,13),(314,'0000-00-00 00:00:00','2017-07-01 19:00:39',NULL,21,17,1,10),(315,'0000-00-00 00:00:00','2017-07-06 07:39:02',NULL,22,17,25,10),(316,'0000-00-00 00:00:00','2017-07-02 20:19:50',NULL,23,17,50,10),(317,'0000-00-00 00:00:00','2017-07-03 19:13:37',NULL,2,18,50,8),(318,'0000-00-00 00:00:00','2017-07-03 11:35:48',NULL,3,18,3,8),(319,'0000-00-00 00:00:00','2017-07-03 19:13:44',NULL,4,18,50,8),(320,'0000-00-00 00:00:00','2017-07-03 19:13:18',NULL,5,18,50,8),(321,'0000-00-00 00:00:00','2017-06-28 19:04:11',NULL,6,18,3,0),(322,'0000-00-00 00:00:00','2017-06-28 19:04:11',NULL,7,18,1,0),(323,'0000-00-00 00:00:00','2017-06-28 19:04:11',NULL,12,18,3,0),(324,'0000-00-00 00:00:00','2017-07-03 07:04:49',NULL,13,18,50,36),(325,'0000-00-00 00:00:00','2017-06-28 19:04:11',NULL,14,18,3,0),(326,'0000-00-00 00:00:00','2017-07-05 11:10:46',NULL,15,18,1,18),(327,'0000-00-00 00:00:00','2017-06-28 19:04:11',NULL,16,18,3,0),(328,'0000-00-00 00:00:00','2017-07-05 07:30:32',NULL,17,18,50,10),(329,'0000-00-00 00:00:00','2017-07-04 07:56:22',NULL,18,18,50,10),(330,'0000-00-00 00:00:00','2017-06-28 19:04:11',NULL,19,18,1,0),(331,'0000-00-00 00:00:00','2017-07-03 09:36:59',NULL,20,18,50,10),(332,'0000-00-00 00:00:00','2017-06-28 19:04:11',NULL,21,18,1,0),(333,'0000-00-00 00:00:00','2017-06-28 19:04:11',NULL,22,18,3,0),(334,'0000-00-00 00:00:00','2017-06-28 19:04:11',NULL,23,18,1,0),(335,'0000-00-00 00:00:00','2017-07-05 07:31:36',NULL,24,18,50,10),(336,'0000-00-00 00:00:00','2017-07-02 20:19:28',NULL,25,18,50,10),(337,'0000-00-00 00:00:00','2017-06-28 19:04:11',NULL,5,19,3,0),(338,'0000-00-00 00:00:00','2017-06-28 19:04:11',NULL,6,19,1,0),(339,'0000-00-00 00:00:00','2017-06-28 19:04:11',NULL,15,19,1,0),(340,'0000-00-00 00:00:00','2017-06-28 19:04:11',NULL,16,19,3,0),(341,'0000-00-00 00:00:00','2017-07-03 19:06:52',NULL,17,19,50,10),(342,'0000-00-00 00:00:00','2017-06-28 19:04:11',NULL,18,19,3,0),(343,'0000-00-00 00:00:00','2017-07-04 20:31:58',NULL,19,19,50,10),(344,'0000-00-00 00:00:00','2017-07-03 19:06:21',NULL,20,19,50,10),(345,'0000-00-00 00:00:00','2017-06-28 19:04:11',NULL,21,19,1,0),(346,'0000-00-00 00:00:00','2017-07-03 21:16:08',NULL,22,19,50,16),(347,'0000-00-00 00:00:00','2017-07-04 19:25:31',NULL,23,19,50,16),(348,'0000-00-00 00:00:00','2017-06-28 19:04:11',NULL,24,19,1,0),(349,'0000-00-00 00:00:00','2017-06-28 19:04:11',NULL,25,19,1,0),(350,'0000-00-00 00:00:00','2017-06-28 19:04:11',NULL,26,19,1,0),(351,'0000-00-00 00:00:00','2017-06-28 19:04:11',NULL,4,20,3,0),(352,'0000-00-00 00:00:00','2017-06-28 19:04:11',NULL,5,20,1,0),(353,'0000-00-00 00:00:00','2017-07-05 22:57:20',NULL,16,20,25,44),(354,'0000-00-00 00:00:00','2017-07-04 23:02:40',NULL,17,20,50,44),(355,'0000-00-00 00:00:00','2017-07-04 07:57:13',NULL,18,20,50,10),(356,'0000-00-00 00:00:00','2017-06-28 19:04:11',NULL,19,20,1,0),(357,'0000-00-00 00:00:00','2017-06-28 19:04:11',NULL,20,20,1,0),(358,'0000-00-00 00:00:00','2017-06-28 19:04:11',NULL,21,20,3,0),(359,'0000-00-00 00:00:00','2017-07-05 11:13:36',NULL,22,20,50,3),(360,'0000-00-00 00:00:00','2017-06-28 19:04:11',NULL,23,20,3,0),(361,'0000-00-00 00:00:00','2017-07-05 09:05:59',NULL,24,20,50,16),(362,'0000-00-00 00:00:00','2017-06-28 19:04:11',NULL,25,20,3,0),(363,'0000-00-00 00:00:00','2017-06-28 19:04:11',NULL,26,20,1,0),(364,'0000-00-00 00:00:00','2017-06-28 19:04:11',NULL,27,20,1,0),(365,'0000-00-00 00:00:00','2017-06-28 19:04:11',NULL,28,20,3,0),(366,'0000-00-00 00:00:00','2017-07-05 22:58:21',NULL,16,21,6,44),(367,'0000-00-00 00:00:00','2017-07-05 10:44:20',NULL,17,21,50,44),(368,'0000-00-00 00:00:00','2017-07-02 20:20:42',NULL,18,21,50,10),(369,'0000-00-00 00:00:00','2017-07-02 20:20:08',NULL,19,21,50,10),(370,'0000-00-00 00:00:00','2017-06-28 19:04:11',NULL,20,21,3,0),(371,'0000-00-00 00:00:00','2017-07-04 07:32:53',NULL,21,21,50,3),(372,'0000-00-00 00:00:00','2017-07-02 00:09:16',NULL,22,21,50,3),(373,'0000-00-00 00:00:00','2017-07-03 21:16:15',NULL,23,21,50,16),(374,'0000-00-00 00:00:00','2017-07-04 19:28:21',NULL,24,21,3,3),(375,'0000-00-00 00:00:00','2017-06-28 19:04:11',NULL,25,21,3,0),(376,'0000-00-00 00:00:00','2017-07-03 19:52:32',NULL,26,21,1,41),(377,'0000-00-00 00:00:00','2017-07-04 19:28:44',NULL,27,21,50,41),(378,'0000-00-00 00:00:00','2017-07-03 19:54:46',NULL,28,21,1,41),(379,'0000-00-00 00:00:00','2017-07-03 13:05:15',NULL,29,21,50,16),(380,'0000-00-00 00:00:00','2017-06-28 19:04:11',NULL,16,22,1,0),(381,'0000-00-00 00:00:00','2017-06-28 19:04:11',NULL,17,22,3,0),(382,'0000-00-00 00:00:00','2017-06-28 19:04:11',NULL,18,22,1,0),(383,'0000-00-00 00:00:00','2017-06-28 19:04:11',NULL,19,22,3,0),(384,'0000-00-00 00:00:00','2017-07-04 07:32:45',NULL,20,22,50,3),(385,'0000-00-00 00:00:00','2017-07-03 14:21:46',NULL,21,22,1,3),(386,'0000-00-00 00:00:00','2017-07-05 11:13:45',NULL,22,22,50,3),(387,'0000-00-00 00:00:00','2017-06-28 19:04:11',NULL,23,22,3,0),(388,'0000-00-00 00:00:00','2017-07-01 06:09:36',NULL,24,22,3,16),(389,'0000-00-00 00:00:00','2017-07-03 21:16:20',NULL,25,22,50,16),(390,'0000-00-00 00:00:00','2017-07-05 19:17:28',NULL,26,22,50,41),(391,'0000-00-00 00:00:00','2017-07-05 19:17:20',NULL,27,22,50,41),(392,'0000-00-00 00:00:00','2017-07-04 19:24:53',NULL,28,22,50,16),(393,'0000-00-00 00:00:00','2017-07-05 07:33:34',NULL,29,22,6,41),(394,'0000-00-00 00:00:00','2017-07-04 12:48:53',NULL,30,22,6,7),(395,'0000-00-00 00:00:00','2017-06-28 19:04:11',NULL,16,23,3,0),(396,'0000-00-00 00:00:00','2017-07-05 21:55:49',NULL,17,23,50,3),(397,'0000-00-00 00:00:00','2017-07-04 07:32:28',NULL,18,23,50,3),(398,'0000-00-00 00:00:00','2017-07-04 07:32:36',NULL,19,23,50,3),(399,'0000-00-00 00:00:00','2017-06-28 19:04:11',NULL,20,23,3,0),(400,'0000-00-00 00:00:00','2017-06-28 19:04:11',NULL,21,23,3,0),(401,'0000-00-00 00:00:00','2017-06-28 19:04:11',NULL,22,23,1,0),(402,'0000-00-00 00:00:00','2017-07-01 08:21:38',NULL,23,23,3,16),(403,'0000-00-00 00:00:00','2017-07-02 19:07:00',NULL,24,23,50,6),(404,'0000-00-00 00:00:00','2017-07-05 09:08:32',NULL,25,23,50,16),(405,'0000-00-00 00:00:00','2017-07-05 21:56:05',NULL,26,23,6,3),(406,'0000-00-00 00:00:00','2017-07-05 23:51:44',NULL,27,23,50,16),(407,'0000-00-00 00:00:00','2017-06-28 19:04:11',NULL,28,23,3,0),(408,'0000-00-00 00:00:00','2017-07-04 12:44:37',NULL,29,23,50,7),(409,'0000-00-00 00:00:00','2017-07-04 07:10:25',NULL,30,23,50,41),(410,'0000-00-00 00:00:00','2017-07-04 07:32:19',NULL,17,24,50,3),(411,'0000-00-00 00:00:00','2017-07-03 09:34:28',NULL,18,24,50,6),(412,'0000-00-00 00:00:00','2017-07-06 07:34:58',NULL,19,24,50,6),(413,'0000-00-00 00:00:00','2017-07-05 20:07:14',NULL,20,24,50,6),(414,'0000-00-00 00:00:00','2017-06-28 19:04:11',NULL,21,24,3,0),(415,'0000-00-00 00:00:00','2017-06-28 19:04:11',NULL,22,24,3,0),(416,'0000-00-00 00:00:00','2017-06-28 19:04:11',NULL,23,24,3,0),(417,'0000-00-00 00:00:00','2017-07-05 20:07:57',NULL,24,24,50,6),(418,'0000-00-00 00:00:00','2017-07-02 20:53:20',NULL,25,24,3,16),(419,'0000-00-00 00:00:00','2017-07-01 06:16:26',NULL,26,24,3,16),(420,'0000-00-00 00:00:00','2017-06-28 19:04:11',NULL,27,24,1,0),(421,'0000-00-00 00:00:00','2017-07-04 12:44:24',NULL,28,24,50,7),(422,'0000-00-00 00:00:00','2017-06-28 19:04:11',NULL,29,24,3,0),(423,'0000-00-00 00:00:00','2017-06-28 19:04:11',NULL,30,24,3,0),(424,'0000-00-00 00:00:00','2017-06-30 19:43:56',NULL,17,25,50,6),(425,'0000-00-00 00:00:00','2017-06-28 19:04:11',NULL,18,25,3,0),(426,'0000-00-00 00:00:00','2017-07-03 19:02:06',NULL,19,25,50,6),(427,'0000-00-00 00:00:00','2017-07-04 07:53:45',NULL,20,25,50,6),(428,'0000-00-00 00:00:00','2017-07-06 07:35:41',NULL,21,25,12,6),(429,'0000-00-00 00:00:00','2017-06-28 19:04:11',NULL,22,25,3,0),(430,'0000-00-00 00:00:00','2017-07-04 07:54:07',NULL,23,25,50,6),(431,'0000-00-00 00:00:00','2017-06-28 19:04:11',NULL,24,25,3,0),(432,'0000-00-00 00:00:00','2017-07-05 21:56:17',NULL,25,25,6,3),(433,'0000-00-00 00:00:00','2017-07-03 21:16:26',NULL,26,25,50,16),(434,'0000-00-00 00:00:00','2017-07-03 21:16:33',NULL,27,25,50,16),(435,'0000-00-00 00:00:00','2017-07-03 08:59:40',NULL,28,25,50,7),(436,'0000-00-00 00:00:00','2017-07-05 22:13:44',NULL,29,25,50,7),(437,'0000-00-00 00:00:00','2017-06-28 19:04:11',NULL,30,25,3,0),(438,'0000-00-00 00:00:00','2017-06-28 19:04:11',NULL,18,26,1,0),(439,'0000-00-00 00:00:00','2017-06-28 19:04:11',NULL,19,26,6,0),(440,'0000-00-00 00:00:00','2017-06-28 19:04:11',NULL,20,26,3,0),(441,'0000-00-00 00:00:00','2017-07-03 09:33:27',NULL,21,26,50,6),(442,'0000-00-00 00:00:00','2017-07-03 19:01:24',NULL,22,26,50,6),(443,'0000-00-00 00:00:00','2017-06-28 19:04:11',NULL,23,26,3,0),(444,'0000-00-00 00:00:00','2017-06-28 19:04:11',NULL,24,26,6,0),(445,'0000-00-00 00:00:00','2017-07-01 06:18:43',NULL,25,26,1,16),(446,'0000-00-00 00:00:00','2017-06-28 19:04:11',NULL,26,26,3,0),(447,'0000-00-00 00:00:00','2017-06-28 19:04:11',NULL,27,26,1,0),(448,'0000-00-00 00:00:00','2017-07-02 07:21:10',NULL,28,26,50,7),(449,'0000-00-00 00:00:00','2017-06-28 19:04:11',NULL,29,26,1,0),(450,'0000-00-00 00:00:00','2017-07-03 09:40:12',NULL,30,26,50,22),(451,'0000-00-00 00:00:00','2017-07-04 19:32:35',NULL,31,26,50,12),(452,'0000-00-00 00:00:00','2017-06-28 19:04:11',NULL,19,27,3,0),(453,'0000-00-00 00:00:00','2017-06-28 19:04:11',NULL,20,27,3,0),(454,'0000-00-00 00:00:00','2017-06-28 21:58:44',NULL,21,27,1,6),(455,'0000-00-00 00:00:00','2017-07-02 19:07:35',NULL,22,27,50,6),(456,'0000-00-00 00:00:00','2017-07-04 20:33:29',NULL,23,27,50,6),(457,'0000-00-00 00:00:00','2017-06-28 19:04:11',NULL,24,27,3,0),(458,'0000-00-00 00:00:00','2017-06-28 19:04:11',NULL,25,27,1,0),(459,'0000-00-00 00:00:00','2017-07-02 19:11:29',NULL,26,27,50,22),(460,'0000-00-00 00:00:00','2017-06-28 23:29:00',NULL,27,27,3,7),(461,'0000-00-00 00:00:00','2017-07-01 07:29:20',NULL,28,27,1,22),(462,'0000-00-00 00:00:00','2017-07-06 07:36:27',NULL,29,27,50,22),(463,'0000-00-00 00:00:00','2017-06-28 19:04:11',NULL,30,27,1,0),(464,'0000-00-00 00:00:00','2017-06-28 19:04:11',NULL,31,27,3,0),(465,'0000-00-00 00:00:00','2017-07-03 14:22:40',NULL,32,27,3,12),(466,'0000-00-00 00:00:00','2017-06-28 19:04:11',NULL,21,28,6,0),(467,'0000-00-00 00:00:00','2017-06-28 19:04:11',NULL,22,28,3,0),(468,'0000-00-00 00:00:00','2017-06-28 19:04:11',NULL,23,28,1,0),(469,'0000-00-00 00:00:00','2017-07-02 10:11:33',NULL,24,28,50,6),(470,'0000-00-00 00:00:00','2017-06-28 19:04:11',NULL,25,28,6,0),(471,'0000-00-00 00:00:00','2017-07-02 19:10:20',NULL,26,28,50,22),(472,'0000-00-00 00:00:00','2017-07-06 07:37:27',NULL,27,28,25,22),(473,'0000-00-00 00:00:00','2017-07-01 19:30:03',NULL,28,28,50,22),(474,'0000-00-00 00:00:00','2017-07-03 09:39:48',NULL,29,28,50,22),(475,'0000-00-00 00:00:00','2017-06-28 19:04:11',NULL,30,28,3,0),(476,'0000-00-00 00:00:00','2017-06-28 19:04:11',NULL,31,28,3,0),(477,'0000-00-00 00:00:00','2017-07-05 11:15:34',NULL,32,28,50,12),(478,'0000-00-00 00:00:00','2017-07-05 21:54:09',NULL,33,28,6,12),(479,'0000-00-00 00:00:00','2017-06-28 19:04:11',NULL,34,28,3,0),(480,'0000-00-00 00:00:00','2017-06-28 19:04:11',NULL,22,29,3,0),(481,'0000-00-00 00:00:00','2017-06-28 19:04:11',NULL,23,29,3,0),(482,'0000-00-00 00:00:00','2017-07-05 07:36:31',NULL,24,29,50,6),(483,'0000-00-00 00:00:00','2017-06-28 19:04:11',NULL,25,29,3,0),(484,'0000-00-00 00:00:00','2017-06-28 19:04:11',NULL,26,29,3,0),(485,'0000-00-00 00:00:00','2017-07-03 19:03:33',NULL,27,29,50,22),(486,'0000-00-00 00:00:00','2017-07-05 07:37:26',NULL,28,29,50,22),(487,'0000-00-00 00:00:00','2017-07-05 07:38:24',NULL,29,29,50,22),(488,'0000-00-00 00:00:00','2017-07-05 20:11:24',NULL,30,29,50,22),(489,'0000-00-00 00:00:00','2017-07-04 21:36:47',NULL,31,29,50,22),(490,'0000-00-00 00:00:00','2017-07-04 19:31:55',NULL,32,29,50,12),(491,'0000-00-00 00:00:00','2017-07-05 21:54:37',NULL,33,29,50,12),(492,'0000-00-00 00:00:00','2017-06-28 19:04:11',NULL,34,29,3,0),(493,'0000-00-00 00:00:00','2017-06-28 19:04:11',NULL,35,29,1,0),(494,'0000-00-00 00:00:00','2017-06-28 19:04:11',NULL,36,29,3,0),(495,'0000-00-00 00:00:00','2017-06-28 19:04:11',NULL,40,29,3,0),(496,'0000-00-00 00:00:00','2017-06-28 19:04:11',NULL,22,30,1,0),(497,'0000-00-00 00:00:00','2017-06-28 19:04:11',NULL,23,30,3,0),(498,'0000-00-00 00:00:00','2017-07-05 07:35:48',NULL,24,30,50,6),(499,'0000-00-00 00:00:00','2017-07-02 10:10:28',NULL,25,30,50,6),(500,'0000-00-00 00:00:00','2017-07-04 21:36:28',NULL,26,30,50,22),(501,'0000-00-00 00:00:00','2017-07-02 10:13:12',NULL,27,30,50,22),(502,'0000-00-00 00:00:00','2017-06-28 19:04:11',NULL,28,30,3,0),(503,'0000-00-00 00:00:00','2017-07-03 14:23:18',NULL,29,30,6,12),(504,'0000-00-00 00:00:00','2017-07-04 07:28:57',NULL,30,30,50,12),(505,'0000-00-00 00:00:00','2017-07-04 07:29:06',NULL,31,30,50,12),(506,'0000-00-00 00:00:00','2017-07-04 19:31:47',NULL,32,30,50,12),(507,'0000-00-00 00:00:00','2017-06-28 19:04:11',NULL,33,30,3,0),(508,'0000-00-00 00:00:00','2017-06-28 19:04:11',NULL,34,30,3,0),(509,'0000-00-00 00:00:00','2017-06-28 19:04:11',NULL,35,30,3,0),(510,'0000-00-00 00:00:00','2017-07-05 08:28:35',NULL,36,30,50,19),(511,'0000-00-00 00:00:00','2017-07-04 22:56:49',NULL,37,30,3,32),(512,'0000-00-00 00:00:00','2017-07-05 22:54:44',NULL,38,30,25,32),(513,'0000-00-00 00:00:00','2017-06-28 19:04:11',NULL,39,30,3,0),(514,'0000-00-00 00:00:00','2017-06-28 19:04:11',NULL,40,30,3,0),(515,'0000-00-00 00:00:00','2017-07-04 21:32:16',NULL,24,31,50,6),(516,'0000-00-00 00:00:00','2017-06-28 19:04:11',NULL,25,31,1,0),(517,'0000-00-00 00:00:00','2017-07-05 08:33:29',NULL,26,31,50,43),(518,'0000-00-00 00:00:00','2017-07-04 23:49:30',NULL,27,31,50,43),(519,'0000-00-00 00:00:00','2017-07-05 20:20:19',NULL,28,31,50,43),(520,'0000-00-00 00:00:00','2017-07-04 14:58:15',NULL,29,31,3,43),(521,'0000-00-00 00:00:00','2017-07-04 19:32:12',NULL,30,31,50,12),(522,'0000-00-00 00:00:00','2017-06-28 19:04:11',NULL,31,31,1,0),(523,'0000-00-00 00:00:00','2017-06-28 19:04:11',NULL,32,31,3,0),(524,'0000-00-00 00:00:00','2017-06-28 19:04:11',NULL,33,31,3,0),(525,'0000-00-00 00:00:00','2017-06-28 19:04:11',NULL,34,31,3,0),(526,'0000-00-00 00:00:00','2017-07-04 09:22:58',NULL,35,31,50,19),(527,'0000-00-00 00:00:00','2017-07-02 19:43:21',NULL,36,31,50,19),(528,'0000-00-00 00:00:00','2017-07-02 19:43:16',NULL,37,31,50,19),(529,'0000-00-00 00:00:00','2017-07-05 20:16:34',NULL,38,31,50,19),(530,'0000-00-00 00:00:00','2017-07-05 10:43:38',NULL,39,31,3,32),(531,'0000-00-00 00:00:00','2017-06-28 19:04:11',NULL,40,31,3,0),(532,'0000-00-00 00:00:00','2017-06-28 19:04:11',NULL,25,32,6,0),(533,'0000-00-00 00:00:00','2017-06-28 19:04:11',NULL,26,32,3,0),(534,'0000-00-00 00:00:00','2017-07-04 14:55:37',NULL,27,32,1,43),(535,'0000-00-00 00:00:00','2017-06-28 19:04:11',NULL,28,32,3,0),(536,'0000-00-00 00:00:00','2017-06-28 19:04:11',NULL,29,32,3,0),(537,'0000-00-00 00:00:00','2017-07-05 11:14:50',NULL,30,32,50,12),(538,'0000-00-00 00:00:00','2017-06-28 19:04:11',NULL,31,32,3,0),(539,'0000-00-00 00:00:00','2017-06-28 19:04:11',NULL,32,32,3,0),(540,'0000-00-00 00:00:00','2017-07-04 11:46:08',NULL,33,32,50,25),(541,'0000-00-00 00:00:00','2017-07-04 23:51:35',NULL,34,32,50,25),(542,'0000-00-00 00:00:00','2017-07-04 23:51:57',NULL,35,32,6,25),(543,'0000-00-00 00:00:00','2017-07-01 22:13:02',NULL,36,32,50,19),(544,'0000-00-00 00:00:00','2017-07-01 22:12:56',NULL,37,32,50,19),(545,'0000-00-00 00:00:00','2017-07-02 07:43:13',NULL,38,32,50,19),(546,'0000-00-00 00:00:00','2017-07-04 19:33:55',NULL,39,32,50,19),(547,'0000-00-00 00:00:00','2017-07-04 22:55:55',NULL,40,32,25,32),(548,'0000-00-00 00:00:00','2017-07-04 22:57:37',NULL,41,32,12,32),(549,'0000-00-00 00:00:00','2017-06-28 19:04:11',NULL,9,33,3,0),(550,'0000-00-00 00:00:00','2017-06-28 19:04:11',NULL,10,33,1,0),(551,'0000-00-00 00:00:00','2017-06-28 19:04:11',NULL,11,33,3,0),(552,'0000-00-00 00:00:00','2017-06-28 19:04:11',NULL,26,33,3,0),(553,'0000-00-00 00:00:00','2017-06-28 19:04:11',NULL,27,33,3,0),(554,'0000-00-00 00:00:00','2017-06-28 19:04:11',NULL,28,33,3,0),(555,'0000-00-00 00:00:00','2017-07-05 21:55:08',NULL,29,33,25,12),(556,'0000-00-00 00:00:00','2017-07-02 21:44:39',NULL,30,33,50,12),(557,'0000-00-00 00:00:00','2017-06-28 19:04:11',NULL,31,33,3,0),(558,'0000-00-00 00:00:00','2017-06-28 19:04:11',NULL,32,33,3,0),(559,'0000-00-00 00:00:00','2017-07-01 12:09:58',NULL,33,33,50,25),(560,'0000-00-00 00:00:00','2017-07-03 08:55:11',NULL,34,33,50,25),(561,'0000-00-00 00:00:00','2017-07-02 07:19:40',NULL,35,33,50,25),(562,'0000-00-00 00:00:00','2017-07-05 20:17:51',NULL,36,33,6,19),(563,'0000-00-00 00:00:00','2017-07-05 20:17:37',NULL,37,33,50,19),(564,'0000-00-00 00:00:00','2017-07-04 09:23:17',NULL,38,33,50,19),(565,'0000-00-00 00:00:00','2017-07-05 10:42:15',NULL,39,33,3,32),(566,'0000-00-00 00:00:00','2017-07-03 08:09:24',NULL,40,33,3,32),(567,'0000-00-00 00:00:00','2017-07-02 19:23:40',NULL,41,33,1,34),(568,'0000-00-00 00:00:00','2017-07-05 10:42:35',NULL,42,33,3,32),(569,'0000-00-00 00:00:00','2017-07-04 07:15:35',NULL,43,33,50,11),(570,'0000-00-00 00:00:00','2017-06-28 19:04:11',NULL,9,34,3,0),(571,'0000-00-00 00:00:00','2017-06-28 19:04:11',NULL,10,34,1,0),(572,'0000-00-00 00:00:00','2017-06-28 19:04:11',NULL,11,34,3,0),(573,'0000-00-00 00:00:00','2017-07-05 22:52:20',NULL,12,34,50,20),(574,'0000-00-00 00:00:00','2017-06-28 19:04:11',NULL,28,34,3,0),(575,'0000-00-00 00:00:00','2017-07-03 20:30:13',NULL,29,34,50,12),(576,'0000-00-00 00:00:00','2017-07-04 21:33:33',NULL,30,34,50,40),(577,'0000-00-00 00:00:00','2017-07-04 21:34:30',NULL,31,34,50,40),(578,'0000-00-00 00:00:00','2017-07-05 20:09:56',NULL,32,34,6,40),(579,'0000-00-00 00:00:00','2017-07-05 07:35:05',NULL,33,34,50,40),(580,'0000-00-00 00:00:00','2017-07-05 20:09:44',NULL,34,34,50,40),(581,'0000-00-00 00:00:00','2017-07-01 21:30:49',NULL,35,34,3,14),(582,'0000-00-00 00:00:00','2017-06-28 19:04:11',NULL,36,34,3,0),(583,'0000-00-00 00:00:00','2017-07-05 22:50:20',NULL,37,34,50,14),(584,'0000-00-00 00:00:00','2017-07-05 08:29:42',NULL,38,34,50,19),(585,'0000-00-00 00:00:00','2017-07-05 10:41:57',NULL,39,34,50,32),(586,'0000-00-00 00:00:00','2017-07-05 07:31:47',NULL,40,34,6,34),(587,'0000-00-00 00:00:00','2017-06-28 19:04:11',NULL,41,34,3,0),(588,'0000-00-00 00:00:00','2017-07-05 22:55:19',NULL,42,34,3,32),(589,'0000-00-00 00:00:00','2017-07-05 20:38:36',NULL,43,34,12,11),(590,'0000-00-00 00:00:00','2017-07-04 19:21:41',NULL,44,34,50,11),(591,'0000-00-00 00:00:00','2017-07-04 19:22:20',NULL,45,34,50,11),(592,'0000-00-00 00:00:00','2017-06-28 19:04:11',NULL,46,34,3,0),(593,'0000-00-00 00:00:00','2017-07-05 10:40:02',NULL,8,35,50,20),(594,'0000-00-00 00:00:00','2017-06-28 19:04:11',NULL,9,35,3,0),(595,'0000-00-00 00:00:00','2017-06-28 19:04:11',NULL,10,35,3,0),(596,'0000-00-00 00:00:00','2017-06-28 19:04:11',NULL,11,35,3,0),(597,'0000-00-00 00:00:00','2017-07-05 10:40:47',NULL,12,35,50,20),(598,'0000-00-00 00:00:00','2017-07-05 10:38:28',NULL,32,35,50,14),(599,'0000-00-00 00:00:00','2017-06-28 19:04:11',NULL,33,35,3,0),(600,'0000-00-00 00:00:00','2017-07-06 07:40:06',NULL,34,35,50,40),(601,'0000-00-00 00:00:00','2017-06-28 19:04:11',NULL,35,35,3,0),(602,'0000-00-00 00:00:00','2017-07-02 20:52:04',NULL,36,35,50,14),(603,'0000-00-00 00:00:00','2017-07-05 22:49:16',NULL,37,35,50,14),(604,'0000-00-00 00:00:00','2017-07-05 22:54:05',NULL,38,35,50,32),(605,'0000-00-00 00:00:00','2017-07-03 20:14:16',NULL,39,35,50,14),(606,'0000-00-00 00:00:00','2017-07-04 19:27:52',NULL,40,35,50,34),(607,'0000-00-00 00:00:00','2017-06-28 19:04:11',NULL,41,35,3,0),(608,'0000-00-00 00:00:00','2017-07-05 22:55:30',NULL,42,35,3,32),(609,'0000-00-00 00:00:00','2017-07-04 07:14:31',NULL,43,35,50,11),(610,'0000-00-00 00:00:00','2017-07-05 08:57:01',NULL,44,35,50,11),(611,'0000-00-00 00:00:00','2017-06-28 19:04:11',NULL,45,35,3,0),(612,'0000-00-00 00:00:00','2017-06-28 19:04:11',NULL,46,35,3,0),(613,'0000-00-00 00:00:00','2017-06-28 19:04:11',NULL,47,35,3,0),(614,'0000-00-00 00:00:00','2017-06-28 19:04:11',NULL,48,35,1,0),(615,'0000-00-00 00:00:00','2017-06-28 19:04:11',NULL,49,35,3,0),(616,'0000-00-00 00:00:00','2017-06-28 19:04:11',NULL,5,36,1,0),(617,'0000-00-00 00:00:00','2017-07-05 22:53:31',NULL,6,36,50,20),(618,'0000-00-00 00:00:00','2017-06-28 19:04:11',NULL,7,36,3,0),(619,'0000-00-00 00:00:00','2017-06-28 19:04:11',NULL,8,36,1,0),(620,'0000-00-00 00:00:00','2017-07-04 08:49:04',NULL,9,36,50,20),(621,'0000-00-00 00:00:00','2017-07-04 22:59:42',NULL,10,36,50,20),(622,'0000-00-00 00:00:00','2017-07-02 19:41:02',NULL,11,36,50,20),(623,'0000-00-00 00:00:00','2017-07-03 20:22:09',NULL,12,36,50,20),(624,'0000-00-00 00:00:00','2017-06-28 19:04:11',NULL,32,36,3,0),(625,'0000-00-00 00:00:00','2017-07-04 22:53:50',NULL,33,36,50,14),(626,'0000-00-00 00:00:00','2017-07-03 19:08:33',NULL,34,36,1,40),(627,'0000-00-00 00:00:00','2017-07-02 20:51:18',NULL,35,36,50,14),(628,'0000-00-00 00:00:00','2017-07-05 22:50:44',NULL,36,36,50,14),(629,'0000-00-00 00:00:00','2017-07-02 10:46:06',NULL,37,36,50,14),(630,'0000-00-00 00:00:00','2017-07-02 10:45:47',NULL,38,36,50,14),(631,'0000-00-00 00:00:00','2017-07-05 19:16:34',NULL,39,36,50,34),(632,'0000-00-00 00:00:00','2017-07-02 19:24:25',NULL,40,36,3,34),(633,'0000-00-00 00:00:00','2017-06-28 19:04:11',NULL,41,36,3,0),(634,'0000-00-00 00:00:00','2017-07-05 20:37:36',NULL,42,36,50,11),(635,'0000-00-00 00:00:00','2017-07-05 08:55:35',NULL,43,36,50,11),(636,'0000-00-00 00:00:00','2017-07-03 19:55:10',NULL,44,36,50,11),(637,'0000-00-00 00:00:00','2017-06-28 19:04:11',NULL,45,36,3,0),(638,'0000-00-00 00:00:00','2017-06-28 19:04:11',NULL,46,36,3,0),(639,'0000-00-00 00:00:00','2017-06-28 19:04:11',NULL,47,36,3,0),(640,'0000-00-00 00:00:00','2017-06-28 19:04:11',NULL,48,36,3,0),(641,'0000-00-00 00:00:00','2017-06-28 19:04:11',NULL,49,36,3,0),(642,'0000-00-00 00:00:00','2017-06-28 19:04:11',NULL,50,36,3,0),(643,'0000-00-00 00:00:00','2017-07-04 08:49:36',NULL,6,37,50,20),(644,'0000-00-00 00:00:00','2017-07-02 22:29:05',NULL,7,37,50,20),(645,'0000-00-00 00:00:00','2017-06-28 19:04:11',NULL,8,37,6,0),(646,'0000-00-00 00:00:00','2017-07-03 08:57:51',NULL,9,37,50,20),(647,'0000-00-00 00:00:00','2017-07-04 23:01:57',NULL,10,37,50,20),(648,'0000-00-00 00:00:00','2017-07-03 08:57:39',NULL,11,37,50,20),(649,'0000-00-00 00:00:00','2017-07-01 08:18:57',NULL,12,37,1,9),(650,'0000-00-00 00:00:00','2017-06-28 19:04:11',NULL,13,37,3,0),(651,'0000-00-00 00:00:00','2017-07-04 09:09:55',NULL,34,37,3,14),(652,'0000-00-00 00:00:00','2017-07-03 20:16:42',NULL,35,37,50,14),(653,'0000-00-00 00:00:00','2017-06-28 19:04:11',NULL,36,37,3,0),(654,'0000-00-00 00:00:00','2017-06-28 19:04:11',NULL,37,37,3,0),(655,'0000-00-00 00:00:00','2017-07-01 21:32:00',NULL,38,37,1,14),(656,'0000-00-00 00:00:00','2017-06-28 19:04:11',NULL,39,37,3,0),(657,'0000-00-00 00:00:00','2017-07-02 19:24:31',NULL,40,37,25,34),(658,'0000-00-00 00:00:00','2017-06-28 19:04:11',NULL,41,37,3,0),(659,'0000-00-00 00:00:00','2017-07-02 19:25:51',NULL,42,37,50,11),(660,'0000-00-00 00:00:00','2017-07-03 19:15:35',NULL,43,37,3,34),(661,'0000-00-00 00:00:00','2017-07-03 19:54:25',NULL,44,37,50,11),(662,'0000-00-00 00:00:00','2017-06-28 19:04:11',NULL,45,37,3,0),(663,'0000-00-00 00:00:00','2017-06-28 19:04:11',NULL,46,37,3,0),(664,'0000-00-00 00:00:00','2017-07-04 19:23:46',NULL,47,37,50,38),(665,'0000-00-00 00:00:00','2017-07-05 23:53:42',NULL,48,37,50,38),(666,'0000-00-00 00:00:00','2017-07-03 21:33:43',NULL,49,37,50,38),(667,'0000-00-00 00:00:00','2017-06-28 19:04:11',NULL,50,37,6,0),(668,'0000-00-00 00:00:00','2017-06-28 19:04:11',NULL,51,37,3,0),(669,'0000-00-00 00:00:00','2017-07-03 08:58:12',NULL,7,38,50,20),(670,'0000-00-00 00:00:00','2017-06-30 23:31:28',NULL,8,38,3,20),(671,'0000-00-00 00:00:00','2017-07-01 17:49:34',NULL,9,38,3,20),(672,'0000-00-00 00:00:00','2017-06-28 19:04:11',NULL,10,38,3,0),(673,'0000-00-00 00:00:00','2017-07-01 08:15:54',NULL,11,38,3,9),(674,'0000-00-00 00:00:00','2017-06-28 19:04:11',NULL,12,38,3,0),(675,'0000-00-00 00:00:00','2017-06-28 19:04:11',NULL,13,38,3,0),(676,'0000-00-00 00:00:00','2017-06-28 19:04:11',NULL,36,38,3,0),(677,'0000-00-00 00:00:00','2017-07-02 23:45:45',NULL,37,38,6,14),(678,'0000-00-00 00:00:00','2017-06-28 19:04:11',NULL,38,38,1,0),(679,'0000-00-00 00:00:00','2017-07-03 13:16:25',NULL,39,38,25,24),(680,'0000-00-00 00:00:00','2017-07-01 21:27:57',NULL,40,38,6,24),(681,'0000-00-00 00:00:00','2017-07-04 19:28:19',NULL,41,38,6,34),(682,'0000-00-00 00:00:00','2017-07-05 07:31:02',NULL,42,38,50,34),(683,'0000-00-00 00:00:00','2017-07-05 07:32:15',NULL,43,38,1,34),(684,'0000-00-00 00:00:00','2017-07-05 19:16:25',NULL,44,38,50,34),(685,'0000-00-00 00:00:00','2017-06-28 19:04:11',NULL,50,38,1,0),(686,'0000-00-00 00:00:00','2017-06-28 19:04:11',NULL,51,38,3,0),(687,'0000-00-00 00:00:00','2017-06-28 19:04:11',NULL,52,38,3,0),(688,'0000-00-00 00:00:00','2017-07-01 08:18:07',NULL,7,39,1,9),(689,'0000-00-00 00:00:00','2017-06-28 19:04:11',NULL,8,39,1,0),(690,'0000-00-00 00:00:00','2017-07-02 19:41:35',NULL,9,39,3,20),(691,'0000-00-00 00:00:00','2017-07-03 20:20:16',NULL,10,39,3,20),(692,'0000-00-00 00:00:00','2017-07-03 20:21:16',NULL,11,39,50,20),(693,'0000-00-00 00:00:00','2017-07-01 06:20:44',NULL,12,39,3,9),(694,'0000-00-00 00:00:00','2017-07-03 08:04:36',NULL,37,39,50,14),(695,'0000-00-00 00:00:00','2017-06-28 19:04:11',NULL,38,39,3,0),(696,'0000-00-00 00:00:00','2017-06-28 19:04:11',NULL,39,39,3,0),(697,'0000-00-00 00:00:00','2017-07-03 13:16:47',NULL,40,39,3,24),(698,'0000-00-00 00:00:00','2017-06-28 19:04:11',NULL,41,39,6,0),(699,'0000-00-00 00:00:00','2017-06-28 19:04:11',NULL,42,39,3,0),(700,'0000-00-00 00:00:00','2017-07-03 11:41:31',NULL,43,39,3,34),(701,'0000-00-00 00:00:00','2017-06-28 19:04:11',NULL,44,39,1,0),(702,'0000-00-00 00:00:00','2017-06-28 19:04:11',NULL,50,39,6,0),(703,'0000-00-00 00:00:00','2017-06-28 19:04:11',NULL,51,39,1,0),(704,'0000-00-00 00:00:00','2017-07-01 08:17:27',NULL,7,40,1,9),(705,'0000-00-00 00:00:00','2017-06-28 19:04:11',NULL,8,40,3,0),(706,'0000-00-00 00:00:00','2017-06-28 19:04:11',NULL,9,40,3,0),(707,'0000-00-00 00:00:00','2017-06-28 19:04:11',NULL,10,40,1,0),(708,'0000-00-00 00:00:00','2017-07-04 19:27:39',NULL,11,40,50,9),(709,'0000-00-00 00:00:00','2017-06-28 19:04:11',NULL,12,40,1,0),(710,'0000-00-00 00:00:00','2017-06-28 19:04:11',NULL,38,40,3,0),(711,'0000-00-00 00:00:00','2017-06-28 19:04:11',NULL,39,40,3,0),(712,'0000-00-00 00:00:00','2017-06-28 19:04:11',NULL,40,40,3,0),(713,'0000-00-00 00:00:00','2017-07-05 21:12:47',NULL,41,40,12,33),(714,'0000-00-00 00:00:00','2017-07-05 21:12:24',NULL,42,40,25,33),(715,'0000-00-00 00:00:00','2017-06-28 19:04:11',NULL,43,40,1,0),(716,'0000-00-00 00:00:00','2017-06-28 19:04:11',NULL,7,41,1,0),(717,'0000-00-00 00:00:00','2017-07-05 08:40:42',NULL,8,41,50,9),(718,'0000-00-00 00:00:00','2017-06-28 19:04:11',NULL,9,41,3,0),(719,'0000-00-00 00:00:00','2017-07-04 19:28:02',NULL,10,41,50,9),(720,'0000-00-00 00:00:00','2017-06-28 19:04:11',NULL,11,41,1,0),(721,'0000-00-00 00:00:00','2017-06-28 19:04:11',NULL,12,41,3,0),(722,'0000-00-00 00:00:00','2017-06-28 19:04:11',NULL,41,41,3,0),(723,'0000-00-00 00:00:00','2017-07-04 21:58:20',NULL,42,41,25,33),(724,'0000-00-00 00:00:00','2017-07-05 21:13:26',NULL,43,41,3,33),(725,'0000-00-00 00:00:00','2017-07-02 20:38:43',NULL,7,42,50,9),(726,'0000-00-00 00:00:00','2017-07-05 08:40:19',NULL,8,42,50,9),(727,'0000-00-00 00:00:00','2017-06-29 21:58:04',NULL,9,42,3,9),(728,'0000-00-00 00:00:00','2017-07-02 03:36:14',NULL,10,42,3,9),(729,'0000-00-00 00:00:00','2017-07-05 08:41:06',NULL,11,42,25,9),(730,'0000-00-00 00:00:00','2017-07-04 07:53:52',NULL,12,42,50,9),(731,'0000-00-00 00:00:00','2017-06-28 19:04:11',NULL,41,42,6,0),(732,'0000-00-00 00:00:00','2017-07-04 21:58:46',NULL,42,42,25,33),(733,'0000-00-00 00:00:00','2017-07-05 20:18:26',NULL,43,42,50,26),(734,'0000-00-00 00:00:00','2017-07-02 19:57:02',NULL,44,42,50,26),(735,'0000-00-00 00:00:00','2017-07-04 09:24:57',NULL,45,42,50,26),(736,'0000-00-00 00:00:00','2017-07-05 23:52:46',NULL,7,43,50,9),(737,'0000-00-00 00:00:00','2017-07-05 23:52:31',NULL,8,43,50,9),(738,'0000-00-00 00:00:00','2017-07-04 19:27:32',NULL,9,43,50,9),(739,'0000-00-00 00:00:00','2017-07-03 07:05:27',NULL,10,43,50,9),(740,'0000-00-00 00:00:00','2017-06-28 19:04:11',NULL,11,43,3,0),(741,'0000-00-00 00:00:00','2017-06-28 19:04:11',NULL,12,43,1,0),(742,'0000-00-00 00:00:00','2017-06-28 19:04:11',NULL,41,43,1,0),(743,'0000-00-00 00:00:00','2017-06-28 19:04:11',NULL,42,43,3,0),(744,'0000-00-00 00:00:00','2017-07-04 09:24:28',NULL,43,43,50,26),(745,'0000-00-00 00:00:00','2017-07-03 13:12:06',NULL,44,43,1,39),(746,'0000-00-00 00:00:00','2017-07-04 19:37:06',NULL,45,43,50,26),(747,'0000-00-00 00:00:00','2017-07-05 08:31:27',NULL,46,43,50,26),(748,'0000-00-00 00:00:00','2017-07-03 07:06:26',NULL,7,44,1,9),(749,'0000-00-00 00:00:00','2017-07-01 06:02:42',NULL,8,44,3,9),(750,'0000-00-00 00:00:00','2017-06-28 19:04:11',NULL,9,44,3,0),(751,'0000-00-00 00:00:00','2017-06-28 19:04:11',NULL,10,44,3,0),(752,'0000-00-00 00:00:00','2017-07-03 20:46:26',NULL,11,44,50,9),(753,'0000-00-00 00:00:00','2017-07-04 07:53:45',NULL,12,44,50,9),(754,'0000-00-00 00:00:00','2017-06-28 19:04:11',NULL,42,44,3,0),(755,'0000-00-00 00:00:00','2017-07-02 07:53:22',NULL,43,44,50,26),(756,'0000-00-00 00:00:00','2017-07-05 20:19:11',NULL,44,44,50,26),(757,'0000-00-00 00:00:00','2017-07-03 13:12:26',NULL,45,44,3,39),(758,'0000-00-00 00:00:00','2017-07-04 19:37:37',NULL,46,44,50,26),(759,'0000-00-00 00:00:00','2017-06-30 10:04:27',NULL,7,45,3,9),(760,'0000-00-00 00:00:00','2017-06-28 19:04:11',NULL,8,45,3,0),(761,'0000-00-00 00:00:00','2017-06-28 19:04:11',NULL,9,45,3,0),(762,'0000-00-00 00:00:00','2017-06-28 19:04:11',NULL,10,45,3,0),(763,'0000-00-00 00:00:00','2017-06-28 19:04:11',NULL,11,45,3,0),(764,'0000-00-00 00:00:00','2017-06-28 19:04:11',NULL,12,45,3,0),(765,'0000-00-00 00:00:00','2017-06-28 19:04:11',NULL,42,45,3,0),(766,'0000-00-00 00:00:00','2017-06-28 19:04:11',NULL,43,45,3,0),(767,'0000-00-00 00:00:00','2017-06-28 19:04:11',NULL,44,45,3,0),(768,'0000-00-00 00:00:00','2017-07-03 13:12:34',NULL,45,45,1,39),(769,'0000-00-00 00:00:00','2017-07-05 20:19:27',NULL,46,45,6,26),(770,'0000-00-00 00:00:00','2017-07-05 08:30:45',NULL,47,45,50,26),(771,'0000-00-00 00:00:00','2017-07-05 23:52:03',NULL,6,46,6,9),(772,'0000-00-00 00:00:00','2017-07-03 20:46:19',NULL,7,46,50,9),(773,'0000-00-00 00:00:00','2017-06-28 19:04:11',NULL,8,46,1,0),(774,'0000-00-00 00:00:00','2017-06-28 19:04:11',NULL,9,46,3,0),(775,'0000-00-00 00:00:00','2017-06-28 19:04:11',NULL,11,46,3,0),(776,'0000-00-00 00:00:00','2017-06-28 19:04:11',NULL,12,46,3,0),(777,'0000-00-00 00:00:00','2017-06-28 19:04:11',NULL,43,46,3,0),(778,'0000-00-00 00:00:00','2017-06-28 19:04:11',NULL,44,46,3,0),(779,'0000-00-00 00:00:00','2017-07-03 13:12:51',NULL,45,46,50,39),(780,'0000-00-00 00:00:00','2017-06-28 19:04:11',NULL,7,47,1,0),(781,'0000-00-00 00:00:00','2017-06-28 19:04:11',NULL,8,47,1,0),(782,'0000-00-00 00:00:00','2017-06-28 19:04:11',NULL,9,47,1,0),(783,'0000-00-00 00:00:00','2017-06-28 19:04:11',NULL,43,47,6,0),(784,'0000-00-00 00:00:00','2017-06-28 19:04:11',NULL,44,47,3,0),(785,'0000-00-00 00:00:00','2017-06-28 19:04:11',NULL,42,48,3,0),(786,'0000-00-00 00:00:00','2017-06-28 19:04:12',NULL,43,48,12,0),(787,'0000-00-00 00:00:00','2017-06-28 19:04:11',NULL,44,48,3,0),(788,'0000-00-00 00:00:00','2017-06-28 19:04:11',NULL,42,49,3,0),(789,'0000-00-00 00:00:00','2017-06-28 19:04:11',NULL,43,49,6,0),(790,'0000-00-00 00:00:00','2017-06-28 19:04:11',NULL,44,49,1,0),(791,'0000-00-00 00:00:00','2017-06-28 19:04:11',NULL,40,50,3,0),(792,'0000-00-00 00:00:00','2017-07-05 07:01:54',NULL,41,50,50,28),(793,'0000-00-00 00:00:00','2017-06-28 19:04:11',NULL,42,50,6,0),(794,'0000-00-00 00:00:00','2017-06-28 19:04:11',NULL,43,50,3,0),(795,'0000-00-00 00:00:00','2017-06-28 19:04:11',NULL,44,50,1,0),(796,'0000-00-00 00:00:00','2017-06-28 19:04:11',NULL,36,51,3,0),(797,'0000-00-00 00:00:00','2017-06-28 19:04:11',NULL,38,51,1,0),(798,'0000-00-00 00:00:00','2017-06-28 19:04:11',NULL,39,51,3,0),(799,'0000-00-00 00:00:00','2017-06-28 19:04:11',NULL,40,51,1,0),(800,'0000-00-00 00:00:00','2017-07-04 19:18:52',NULL,41,51,50,28),(801,'0000-00-00 00:00:00','2017-06-28 19:04:11',NULL,42,51,3,0),(802,'0000-00-00 00:00:00','2017-06-28 19:04:11',NULL,43,51,6,0),(803,'0000-00-00 00:00:00','2017-07-04 11:45:10',NULL,27,52,50,37),(804,'0000-00-00 00:00:00','2017-06-28 19:04:11',NULL,28,52,1,0),(805,'0000-00-00 00:00:00','2017-06-28 19:04:11',NULL,29,52,3,0),(806,'0000-00-00 00:00:00','2017-07-04 07:05:57',NULL,30,52,50,28),(807,'0000-00-00 00:00:00','2017-06-28 19:04:11',NULL,34,52,1,0),(808,'0000-00-00 00:00:00','2017-06-28 19:04:11',NULL,35,52,3,0),(809,'0000-00-00 00:00:00','2017-06-28 19:04:11',NULL,36,52,3,0),(810,'0000-00-00 00:00:00','2017-06-28 19:04:11',NULL,37,52,3,0),(811,'0000-00-00 00:00:00','2017-07-05 07:04:26',NULL,38,52,50,28),(812,'0000-00-00 00:00:00','2017-07-06 07:05:22',NULL,39,52,50,28),(813,'0000-00-00 00:00:00','2017-07-04 19:17:12',NULL,40,52,3,28),(814,'0000-00-00 00:00:00','2017-06-28 19:04:11',NULL,41,52,6,0),(815,'0000-00-00 00:00:00','2017-06-28 19:04:11',NULL,26,53,6,0),(816,'0000-00-00 00:00:00','2017-07-05 22:13:09',NULL,27,53,12,37),(817,'0000-00-00 00:00:00','2017-06-28 19:04:11',NULL,28,53,3,0),(818,'0000-00-00 00:00:00','2017-06-28 19:04:11',NULL,29,53,1,0),(819,'0000-00-00 00:00:00','2017-06-28 19:04:11',NULL,30,53,1,0),(820,'0000-00-00 00:00:00','2017-07-01 23:01:35',NULL,31,53,3,28),(821,'0000-00-00 00:00:00','2017-06-28 19:04:11',NULL,32,53,3,0),(822,'0000-00-00 00:00:00','2017-06-28 19:04:11',NULL,33,53,6,0),(823,'0000-00-00 00:00:00','2017-06-28 19:04:11',NULL,34,53,3,0),(824,'0000-00-00 00:00:00','2017-06-28 19:04:11',NULL,35,53,3,0),(825,'0000-00-00 00:00:00','2017-06-28 19:04:11',NULL,36,53,3,0),(826,'0000-00-00 00:00:00','2017-06-28 19:04:11',NULL,37,53,3,0),(827,'0000-00-00 00:00:00','2017-07-05 07:05:40',NULL,38,53,50,28),(828,'0000-00-00 00:00:00','2017-07-04 05:16:27',NULL,39,53,50,28),(829,'0000-00-00 00:00:00','2017-06-28 19:04:11',NULL,25,54,1,0),(830,'0000-00-00 00:00:00','2017-07-04 23:47:17',NULL,26,54,50,37),(831,'0000-00-00 00:00:00','2017-06-28 19:04:11',NULL,27,54,3,0),(832,'0000-00-00 00:00:00','2017-07-04 23:47:47',NULL,28,54,50,37),(833,'0000-00-00 00:00:00','2017-07-05 22:12:31',NULL,29,54,50,37),(834,'0000-00-00 00:00:00','2017-06-28 19:04:11',NULL,30,54,1,0),(835,'0000-00-00 00:00:00','2017-07-01 22:59:19',NULL,31,54,1,28),(836,'0000-00-00 00:00:00','2017-07-01 23:00:25',NULL,32,54,3,28),(837,'0000-00-00 00:00:00','2017-07-03 19:58:27',NULL,33,54,50,28),(838,'0000-00-00 00:00:00','2017-07-05 20:32:23',NULL,34,54,50,28),(839,'0000-00-00 00:00:00','2017-07-03 19:58:13',NULL,35,54,50,28),(840,'0000-00-00 00:00:00','2017-07-04 07:08:57',NULL,36,54,50,28),(841,'0000-00-00 00:00:00','2017-07-05 20:30:39',NULL,37,54,50,28),(842,'0000-00-00 00:00:00','2017-07-05 08:41:41',NULL,38,54,50,23),(843,'0000-00-00 00:00:00','2017-06-28 19:04:11',NULL,25,55,3,0),(844,'0000-00-00 00:00:00','2017-06-28 19:04:11',NULL,26,55,3,0),(845,'0000-00-00 00:00:00','2017-06-28 19:04:11',NULL,27,55,1,0),(846,'0000-00-00 00:00:00','2017-06-28 19:04:11',NULL,28,55,3,0),(847,'0000-00-00 00:00:00','2017-06-28 19:04:11',NULL,29,55,3,0),(848,'0000-00-00 00:00:00','2017-07-01 23:02:09',NULL,30,55,3,28),(849,'0000-00-00 00:00:00','2017-06-28 19:04:11',NULL,31,55,6,0),(850,'0000-00-00 00:00:00','2017-06-28 19:04:11',NULL,32,55,3,0),(851,'0000-00-00 00:00:00','2017-06-28 19:04:11',NULL,33,55,3,0),(852,'0000-00-00 00:00:00','2017-06-28 19:04:11',NULL,34,55,3,0),(853,'0000-00-00 00:00:00','2017-06-28 19:04:11',NULL,35,55,3,0),(854,'0000-00-00 00:00:00','2017-07-02 19:17:06',NULL,36,55,50,28),(855,'0000-00-00 00:00:00','2017-07-03 21:14:48',NULL,37,55,50,23),(856,'0000-00-00 00:00:00','2017-06-28 19:04:11',NULL,38,55,1,0),(857,'0000-00-00 00:00:00','2017-07-01 23:04:02',NULL,29,56,50,28),(858,'0000-00-00 00:00:00','2017-06-28 19:04:11',NULL,30,56,1,0),(859,'0000-00-00 00:00:00','2017-06-28 19:04:11',NULL,31,56,3,0),(860,'0000-00-00 00:00:00','2017-07-03 21:12:24',NULL,32,56,50,23),(861,'0000-00-00 00:00:00','2017-06-28 19:04:11',NULL,33,56,3,0),(862,'0000-00-00 00:00:00','2017-06-28 19:04:11',NULL,34,56,3,0),(863,'0000-00-00 00:00:00','2017-06-28 19:04:11',NULL,35,56,3,0),(864,'0000-00-00 00:00:00','2017-07-05 23:48:31',NULL,36,56,25,23),(865,'0000-00-00 00:00:00','2017-07-04 19:26:26',NULL,37,56,50,23),(866,'0000-00-00 00:00:00','2017-07-05 23:47:45',NULL,38,56,50,23),(867,'0000-00-00 00:00:00','2017-06-28 19:04:11',NULL,39,56,6,0),(868,'0000-00-00 00:00:00','2017-06-28 19:04:11',NULL,31,57,3,0),(869,'0000-00-00 00:00:00','2017-06-28 19:04:11',NULL,32,57,3,0),(870,'0000-00-00 00:00:00','2017-07-04 19:27:01',NULL,33,57,50,23),(871,'0000-00-00 00:00:00','2017-07-04 19:27:08',NULL,34,57,50,23),(872,'0000-00-00 00:00:00','2017-07-01 08:25:32',NULL,35,57,1,23),(873,'0000-00-00 00:00:00','2017-07-03 21:12:34',NULL,36,57,50,23),(874,'0000-00-00 00:00:00','2017-07-05 23:48:53',NULL,37,57,6,23),(875,'0000-00-00 00:00:00','2017-06-28 19:04:11',NULL,38,57,3,0),(876,'0000-00-00 00:00:00','2017-06-28 19:04:11',NULL,39,57,1,0),(877,'0000-00-00 00:00:00','2017-06-28 19:04:11',NULL,33,58,3,0),(878,'0000-00-00 00:00:00','2017-06-28 19:04:11',NULL,34,58,1,0),(879,'0000-00-00 00:00:00','2017-06-28 19:04:11',NULL,35,58,3,0),(880,'0000-00-00 00:00:00','2017-06-28 19:04:11',NULL,36,58,3,0),(881,'0000-00-00 00:00:00','2017-07-05 23:45:21',NULL,37,58,50,23),(882,'0000-00-00 00:00:00','2017-07-05 08:41:48',NULL,38,58,50,23),(883,'0000-00-00 00:00:00','2017-06-28 19:04:11',NULL,39,58,3,0),(884,'0000-00-00 00:00:00','2017-06-28 19:04:11',NULL,35,59,1,0),(885,'0000-00-00 00:00:00','2017-06-28 19:04:11',NULL,36,59,1,0),(886,'0000-00-00 00:00:00','2017-06-28 19:04:11',NULL,37,59,3,0),(887,'0000-00-00 00:00:00','2017-06-28 19:04:11',NULL,38,59,1,0),(888,'0000-00-00 00:00:00','2017-06-28 19:04:11',NULL,39,59,3,0),(889,'0000-00-00 00:00:00','2017-06-28 19:04:11',NULL,37,60,3,0),(890,'0000-00-00 00:00:00','2017-06-28 19:04:12',NULL,38,60,25,0),(891,'0000-00-00 00:00:00','2017-06-28 19:04:11',NULL,39,60,3,0);
/*!40000 ALTER TABLE `nodes` ENABLE KEYS */;
UNLOCK TABLES;

--
-- Table structure for table `options`
--

DROP TABLE IF EXISTS `options`;
/*!40101 SET @saved_cs_client     = @@character_set_client */;
/*!40101 SET character_set_client = utf8 */;
CREATE TABLE `options` (
  `id` int(10) unsigned NOT NULL AUTO_INCREMENT,
  `last_checkpoint` timestamp NULL DEFAULT NULL,
  `last_turn_calculated` timestamp NULL DEFAULT NULL,
  `turn_duration` int(11) DEFAULT NULL,
  `player_action_points` int(11) DEFAULT NULL,
  `company_action_points` int(11) DEFAULT NULL,
  `player_budget` int(11) DEFAULT NULL,
  `new_company_cost` int(11) DEFAULT NULL,
  `initial_shares` int(11) DEFAULT NULL,
  `cost_per_yield` double DEFAULT NULL,
  `turn` int(11) DEFAULT NULL,
  PRIMARY KEY (`id`)
) ENGINE=InnoDB AUTO_INCREMENT=2 DEFAULT CHARSET=latin1;
/*!40101 SET character_set_client = @saved_cs_client */;

--
-- Dumping data for table `options`
--

LOCK TABLES `options` WRITE;
/*!40000 ALTER TABLE `options` DISABLE KEYS */;
INSERT INTO `options` VALUES (1,'2017-07-06 07:59:48','2017-07-06 07:00:00',720,8,2,50,5,2,1.5,15);
/*!40000 ALTER TABLE `options` ENABLE KEYS */;
UNLOCK TABLES;

--
-- Table structure for table `players`
--

DROP TABLE IF EXISTS `players`;
/*!40101 SET @saved_cs_client     = @@character_set_client */;
/*!40101 SET character_set_client = utf8 */;
CREATE TABLE `players` (
  `id` int(10) unsigned NOT NULL AUTO_INCREMENT,
  `created_at` timestamp NULL DEFAULT NULL,
  `updated_at` timestamp NULL DEFAULT NULL,
  `deleted_at` timestamp NULL DEFAULT NULL,
  `name` varchar(255) DEFAULT NULL,
  `password` varchar(255) DEFAULT NULL,
  `budget` int(11) DEFAULT NULL,
  `last_budget` int(11) DEFAULT NULL,
  `action_points` int(11) DEFAULT NULL,
  `last_income` int(11) DEFAULT NULL,
  `last_chat_viewed` timestamp NULL DEFAULT NULL,
  PRIMARY KEY (`id`),
  KEY `idx_players_deleted_at` (`deleted_at`)
) ENGINE=InnoDB AUTO_INCREMENT=14 DEFAULT CHARSET=latin1;
/*!40101 SET character_set_client = @saved_cs_client */;

--
-- Dumping data for table `players`
--

LOCK TABLES `players` WRITE;
/*!40000 ALTER TABLE `players` DISABLE KEYS */;
INSERT INTO `players` VALUES (1,'2017-06-28 19:04:23','2017-07-06 07:58:00',NULL,'vinc','$2a$10$G/S8AEld3PauEjJ9VV5MuOVrJxOWhjOU01KxQnQKhjYp72o64HVGu',0,2976,8,1765,'2017-07-06 07:58:00'),(2,'2017-06-28 19:37:37','2017-07-06 07:59:25',NULL,'Wallstreet$$','$2a$10$FvaQ8NaxC8agltTVMR31O.tqe0R5cc0xIZvfsV4FLftBX.5tijl/2',251,251,8,116,'2017-07-06 07:59:25'),(3,'2017-06-28 20:02:30','2017-07-06 07:56:54',NULL,'CrImperatrix','$2a$10$eQogPSye0A4kO9JeWG55vuB1LHAWR0wd1m4hr2VBuN8jlQxfgTydi',5041,5041,8,1691,'2017-07-06 07:56:54'),(4,'2017-06-28 20:09:00','2017-07-06 07:52:56',NULL,'gae','$2a$10$4ak820xUxWti1b7Ut7vdw.DAElzArDNK9Zj/8BOgSxgWY9KM6jtHO',6864,6864,8,1846,'2017-07-06 07:52:56'),(5,'2017-06-28 20:42:42','2017-07-06 07:00:16',NULL,'Lauraeffe','$2a$10$ZBuVH5lBrltJ.zfIQFUU6.Cm2eCKCD.Hc0/Vnlx5J/77PfrmH7pYG',225,225,8,26,'2017-07-02 22:18:41'),(6,'2017-06-28 21:53:16','2017-07-06 07:57:59',NULL,'ministro','$2a$10$hIfiW1MlvztIpQVB6AECTuqAUA1JdgDaFUBfiFscg76i.zS.Fl99S',0,8444,7,2023,'2017-07-06 07:47:09'),(7,'2017-06-28 22:29:17','2017-07-06 07:00:16',NULL,'AntonioRazzi','$2a$10$VKvboHkrpRg024Jh9G3GgeKX9pKYysdhV/ZrBHG5O.S8AuofcDrpS',4165,4165,8,1165,'2017-07-05 22:11:37'),(8,'2017-06-29 05:01:36','2017-07-06 07:00:16',NULL,'Ilnicholas','$2a$10$.e3Y0RBOy9Gl3gCFIxADnOwIYerfyBDxxBLK6TjwLdHUSLDlnxu3a',696,696,8,99,'2017-06-29 05:03:25'),(9,'2017-06-29 05:49:25','2017-07-06 07:49:36',NULL,'paovalle','$2a$10$OHy9tp9n0Cg943ybp1ZpOuR9h.u3U9WRR07HTT33tYjRAkD8GNXOu',8649,8649,8,2278,'2017-07-06 07:49:36'),(10,'2017-06-29 15:36:08','2017-07-06 07:58:19',NULL,'russanto','$2a$10$d2lAICAn8lQZ0S/sHByyO.g5MrQFMSCnQivE2IhR341EU13EZIXSe',4301,4301,8,1274,'2017-07-06 07:58:19'),(11,'2017-06-30 09:11:35','2017-07-06 07:11:54',NULL,'Mikrobo','$2a$10$pl41e54dUE1OWhgopEMBTOFKNGEkjM1rwFG00hx1Gky.dP2fT3jt2',4295,4295,8,1387,'2017-07-06 07:11:53'),(12,'2017-06-30 13:18:00','2017-07-06 07:00:16',NULL,'Dav','$2a$10$FYv6DE0h/.5mrnDfzbBWHuBLp8c0u/e9f0.7beZGRmr.FQGsM5l/C',50,50,8,0,'2017-06-30 13:19:04'),(13,'2017-07-01 06:01:06','2017-07-06 07:00:16',NULL,'Claus','$2a$10$u/HiDEJ4/aSQnVnsIZOoJOL5zMGZ8Ml9yMxYPQsdffVAEyj.GO.Z6',1109,1109,8,198,'2017-07-03 13:19:52');
/*!40000 ALTER TABLE `players` ENABLE KEYS */;
UNLOCK TABLES;

--
-- Table structure for table `rentals`
--

DROP TABLE IF EXISTS `rentals`;
/*!40101 SET @saved_cs_client     = @@character_set_client */;
/*!40101 SET character_set_client = utf8 */;
CREATE TABLE `rentals` (
  `id` int(10) unsigned NOT NULL AUTO_INCREMENT,
  `created_at` timestamp NULL DEFAULT NULL,
  `updated_at` timestamp NULL DEFAULT NULL,
  `deleted_at` timestamp NULL DEFAULT NULL,
  `node_id` int(10) unsigned DEFAULT NULL,
  `tenant_id` int(10) unsigned DEFAULT NULL,
  PRIMARY KEY (`id`),
  KEY `idx_rentals_deleted_at` (`deleted_at`)
) ENGINE=InnoDB AUTO_INCREMENT=52 DEFAULT CHARSET=latin1;
/*!40101 SET character_set_client = @saved_cs_client */;

--
-- Dumping data for table `rentals`
--

LOCK TABLES `rentals` WRITE;
/*!40000 ALTER TABLE `rentals` DISABLE KEYS */;
INSERT INTO `rentals` VALUES (1,'2017-07-04 07:33:48','2017-07-04 07:33:48',NULL,287,18),(2,'2017-07-04 07:34:22','2017-07-04 07:34:22',NULL,288,18),(3,'2017-07-04 07:34:39','2017-07-04 07:34:39',NULL,266,18),(4,'2017-07-04 07:34:50','2017-07-04 07:34:50',NULL,244,18),(5,'2017-07-04 07:35:17','2017-07-04 07:35:17',NULL,220,18),(6,'2017-07-04 19:20:01','2017-07-04 19:20:01',NULL,267,18),(7,'2017-07-04 19:20:19','2017-07-04 19:20:19',NULL,198,18),(8,'2017-07-04 19:20:30','2017-07-04 19:20:30',NULL,175,18),(9,'2017-07-04 19:21:20','2017-07-04 19:21:20',NULL,307,18),(10,'2017-07-04 19:27:22','2017-07-04 19:27:22',NULL,346,3),(11,'2017-07-04 19:27:33','2017-07-04 19:27:33',NULL,347,3),(12,'2017-07-04 19:27:43','2017-07-04 19:27:43',NULL,373,3),(13,'2017-07-04 19:28:31','2017-07-04 19:28:31',NULL,389,3),(14,'2017-07-04 19:30:44','2017-07-04 19:30:44',NULL,331,13),(15,'2017-07-04 19:30:51','2017-07-04 19:30:51',NULL,344,13),(16,'2017-07-04 19:31:01','2017-07-04 19:31:01',NULL,200,13),(17,'2017-07-04 19:31:09','2017-07-04 19:31:09',NULL,199,13),(18,'2017-07-04 19:31:22','2017-07-04 19:31:22',NULL,176,13),(19,'2017-07-04 19:31:58','2017-07-04 19:31:58',NULL,284,2),(20,'2017-07-04 19:32:04','2017-07-04 19:32:04',NULL,306,2),(21,'2017-07-04 19:32:10','2017-07-04 19:32:10',NULL,324,2),(22,'2017-07-04 19:32:21','2017-07-04 19:32:21',NULL,121,2),(23,'2017-07-04 19:32:28','2017-07-04 19:32:28',NULL,93,2),(24,'2017-07-04 19:32:37','2017-07-04 19:32:37',NULL,67,2),(25,'2017-07-04 19:32:57','2017-07-04 19:32:57',NULL,259,2),(26,'2017-07-04 19:33:10','2017-07-04 19:33:10',NULL,149,2),(27,'2017-07-04 19:33:19','2017-07-04 19:33:19',NULL,172,2),(28,'2017-07-04 19:34:03','2017-07-04 19:34:03',NULL,561,19),(29,'2017-07-04 19:34:10','2017-07-04 19:34:10',NULL,560,19),(30,'2017-07-04 19:34:16','2017-07-04 19:34:16',NULL,559,19),(31,'2017-07-04 19:34:22','2017-07-04 19:34:22',NULL,540,19),(32,'2017-07-04 22:54:22','2017-07-04 22:54:22',NULL,604,14),(33,'2017-07-04 22:54:54','2017-07-04 22:54:54',NULL,585,14),(34,'2017-07-05 09:08:43','2017-07-05 09:08:43',NULL,377,16),(35,'2017-07-05 11:09:25','2017-07-05 11:09:25',NULL,308,18),(36,'2017-07-05 11:13:14','2017-07-05 11:13:14',NULL,404,3),(37,'2017-07-05 11:13:25','2017-07-05 11:13:25',NULL,419,3),(38,'2017-07-05 11:14:14','2017-07-05 11:14:14',NULL,433,3),(39,'2017-07-05 19:12:07','2017-07-05 19:12:07',NULL,26,15),(40,'2017-07-05 19:12:15','2017-07-05 19:12:15',NULL,40,15),(41,'2017-07-05 19:12:21','2017-07-05 19:12:21',NULL,27,15),(42,'2017-07-05 19:12:27','2017-07-05 19:12:27',NULL,28,15),(43,'2017-07-05 19:12:32','2017-07-05 19:12:32',NULL,43,15),(44,'2017-07-05 19:12:38','2017-07-05 19:12:38',NULL,62,15),(45,'2017-07-05 19:12:59','2017-07-05 19:12:59',NULL,84,15),(46,'2017-07-05 19:14:43','2017-07-05 19:14:43',NULL,135,31),(47,'2017-07-05 19:14:55','2017-07-05 19:14:55',NULL,134,31),(48,'2017-07-05 23:50:13','2017-07-05 23:50:13',NULL,372,16),(49,'2017-07-05 23:50:23','2017-07-05 23:50:23',NULL,371,16),(50,'2017-07-05 23:50:34','2017-07-05 23:50:34',NULL,386,16),(51,'2017-07-05 23:50:51','2017-07-05 23:50:51',NULL,384,16);
/*!40000 ALTER TABLE `rentals` ENABLE KEYS */;
UNLOCK TABLES;

--
-- Table structure for table `reports`
--

DROP TABLE IF EXISTS `reports`;
/*!40101 SET @saved_cs_client     = @@character_set_client */;
/*!40101 SET character_set_client = utf8 */;
CREATE TABLE `reports` (
  `id` int(10) unsigned NOT NULL AUTO_INCREMENT,
  `created_at` timestamp NULL DEFAULT NULL,
  `updated_at` timestamp NULL DEFAULT NULL,
  `deleted_at` timestamp NULL DEFAULT NULL,
  `player_id` int(10) unsigned DEFAULT NULL,
  `date` timestamp NULL DEFAULT NULL,
  `subject` varchar(255) DEFAULT NULL,
  `content` text,
  `read` tinyint(1) DEFAULT NULL,
  PRIMARY KEY (`id`),
  KEY `idx_reports_deleted_at` (`deleted_at`)
) ENGINE=InnoDB AUTO_INCREMENT=395 DEFAULT CHARSET=latin1;
/*!40101 SET character_set_client = @saved_cs_client */;

--
-- Dumping data for table `reports`
--

LOCK TABLES `reports` WRITE;
/*!40000 ALTER TABLE `reports` DISABLE KEYS */;
INSERT INTO `reports` VALUES (1,'2017-06-29 08:49:55','2017-06-29 10:29:00',NULL,1,'2017-06-29 08:06:37','Asta Mercedes','L\'asta a cui hai partecipato per la societa\' Mercedes e\' stata vinta da Ilnicholas per 33$.',1),(2,'2017-06-29 08:49:55','2017-06-29 08:49:55','2017-07-03 14:19:48',4,'2017-06-29 08:06:37','Asta Mercedes','L\'asta a cui hai partecipato per la societa\' Mercedes e\' stata vinta da Ilnicholas per 33$.',0),(3,'2017-06-29 08:49:55','2017-06-29 21:26:24',NULL,8,'2017-06-29 08:06:37','Asta Mercedes','L\'asta a cui hai partecipato per la societa\' Mercedes e\' stata vinta da Ilnicholas per 33$.',1),(4,'2017-06-29 19:00:37','2017-07-06 06:56:50',NULL,4,'2017-06-29 19:00:00','Dividendi turno 1','I dividendi per questo turno sono i seguenti.<br>RAI : 20$<br>Totale: 20$',1),(5,'2017-06-29 19:00:37','2017-06-29 22:15:41',NULL,2,'2017-06-29 19:00:00','Dividendi turno 1','I dividendi per questo turno sono i seguenti.<br>Ferrari : 20$<br>Totale: 20$',1),(6,'2017-06-29 19:00:37','2017-06-29 19:00:37',NULL,5,'2017-06-29 19:00:00','Dividendi turno 1','I dividendi per questo turno sono i seguenti.<br>Lauraeffe : 4$<br>Totale: 4$',0),(7,'2017-06-29 19:00:37','2017-06-29 21:55:39',NULL,10,'2017-06-29 19:00:00','Dividendi turno 1','I dividendi per questo turno sono i seguenti.<br>Apple : 26$<br>Totale: 26$',1),(8,'2017-06-29 19:00:37','2017-07-01 23:08:34',NULL,3,'2017-06-29 19:00:00','Dividendi turno 1','I dividendi per questo turno sono i seguenti.<br>Rameico : 12$<br>Totale: 12$',1),(9,'2017-06-29 19:00:37','2017-07-02 08:40:05',NULL,1,'2017-06-29 19:00:00','Dividendi turno 1','I dividendi per questo turno sono i seguenti.<br>Mercedes : 14$<br>Totale: 14$',1),(10,'2017-06-29 19:00:37','2017-06-29 19:00:37',NULL,8,'2017-06-29 19:00:00','Dividendi turno 1','I dividendi per questo turno sono i seguenti.<br>Mercedes : 7$<br>Totale: 7$',0),(11,'2017-06-29 19:00:37','2017-06-29 19:01:05',NULL,6,'2017-06-29 19:00:00','Dividendi turno 1','I dividendi per questo turno sono i seguenti.<br>SCORO SPA : 18$<br>Totale: 18$',1),(12,'2017-06-29 19:00:37','2017-06-29 19:00:37',NULL,7,'2017-06-29 19:00:00','Dividendi turno 1','I dividendi per questo turno sono i seguenti.<br>Chiesa Cattolica : 18$<br>Totale: 18$',0),(13,'2017-06-29 19:00:37','2017-06-29 20:34:59','2017-07-01 19:07:26',9,'2017-06-29 19:00:00','Dividendi turno 1','I dividendi per questo turno sono i seguenti.<br>Terronia : 20$<br>Totale: 20$',1),(14,'2017-06-29 22:36:45','2017-06-30 05:23:47',NULL,1,'2017-06-29 22:33:35','Asta Terronia','L\'asta a cui hai partecipato per la societa\' Terronia e\' stata vinta da paovalle per 30$.',1),(15,'2017-06-29 22:36:45','2017-06-30 13:17:24',NULL,2,'2017-06-29 22:33:35','Asta Terronia','L\'asta a cui hai partecipato per la societa\' Terronia e\' stata vinta da paovalle per 30$.',1),(16,'2017-06-29 22:36:45','2017-06-30 08:10:14','2017-07-01 19:07:26',9,'2017-06-29 22:33:35','Asta Terronia','L\'asta a cui hai partecipato per la societa\' Terronia e\' stata vinta da paovalle per 30$.',1),(17,'2017-06-30 07:23:25','2017-06-30 08:10:10','2017-07-01 19:07:26',9,'2017-06-30 07:00:00','Dividendi turno 2','I dividendi per questo turno sono i seguenti.<br>Terronia : 33$<br>Totale: 33$',1),(18,'2017-06-30 07:23:25','2017-07-01 23:08:44',NULL,3,'2017-06-30 07:00:00','Dividendi turno 2','I dividendi per questo turno sono i seguenti.<br>Rameico : 12$<br>Dove : 10$<br>Totale: 22$',1),(19,'2017-06-30 07:23:25','2017-07-02 08:40:06',NULL,1,'2017-06-30 07:00:00','Dividendi turno 2','I dividendi per questo turno sono i seguenti.<br>Mercedes : 32$<br>Totale: 32$',1),(20,'2017-06-30 07:23:25','2017-07-06 06:57:17',NULL,4,'2017-06-30 07:00:00','Dividendi turno 2','I dividendi per questo turno sono i seguenti.<br>RAI : 20$<br>Totale: 20$',1),(21,'2017-06-30 07:23:25','2017-06-30 07:23:25',NULL,7,'2017-06-30 07:00:00','Dividendi turno 2','I dividendi per questo turno sono i seguenti.<br>Chiesa Cattolica : 18$<br>Totale: 18$',0),(22,'2017-06-30 07:23:25','2017-06-30 07:32:29',NULL,10,'2017-06-30 07:00:00','Dividendi turno 2','I dividendi per questo turno sono i seguenti.<br>Apple : 32$<br>Totale: 32$',1),(23,'2017-06-30 07:23:25','2017-06-30 07:23:25',NULL,8,'2017-06-30 07:00:00','Dividendi turno 2','I dividendi per questo turno sono i seguenti.<br>Mercedes : 16$<br>Totale: 16$',0),(24,'2017-06-30 07:23:25','2017-06-30 13:17:29',NULL,2,'2017-06-30 07:00:00','Dividendi turno 2','I dividendi per questo turno sono i seguenti.<br>Ferrari : 20$<br>Totale: 20$',1),(25,'2017-06-30 07:23:25','2017-06-30 07:23:25',NULL,5,'2017-06-30 07:00:00','Dividendi turno 2','I dividendi per questo turno sono i seguenti.<br>Lauraeffe : 4$<br>Totale: 4$',0),(26,'2017-06-30 07:23:25','2017-06-30 07:42:20',NULL,6,'2017-06-30 07:00:00','Dividendi turno 2','I dividendi per questo turno sono i seguenti.<br>SCORO SPA : 22$<br>Razzi No Profit : 16$<br>Totale: 38$',1),(27,'2017-06-30 09:59:57','2017-06-30 13:17:32',NULL,2,'2017-06-30 09:59:55','Asta Apple','L\'asta a cui hai partecipato per la societa\' Apple e\' stata vinta da ministro per 34$.',1),(28,'2017-06-30 09:59:57','2017-06-30 10:14:51',NULL,10,'2017-06-30 09:59:55','Asta Apple','L\'asta a cui hai partecipato per la societa\' Apple e\' stata vinta da ministro per 34$.',1),(29,'2017-06-30 09:59:57','2017-06-30 10:00:01',NULL,6,'2017-06-30 09:59:55','Asta Apple','L\'asta a cui hai partecipato per la societa\' Apple e\' stata vinta da ministro per 34$.',1),(30,'2017-06-30 09:59:57','2017-06-30 10:03:36','2017-07-01 19:07:26',9,'2017-06-30 09:59:55','Asta Apple','L\'asta a cui hai partecipato per la societa\' Apple e\' stata vinta da ministro per 34$.',1),(31,'2017-06-30 19:00:00','2017-06-30 19:02:07','2017-07-01 19:07:26',9,'2017-06-30 19:00:00','Dividendi turno 3','I dividendi per questo turno sono i seguenti.<br>Terronia : 45$<br>orariunina.it : 14$<br>Totale: 59$',1),(32,'2017-06-30 19:00:00','2017-06-30 19:45:30',NULL,11,'2017-06-30 19:00:00','Dividendi turno 3','I dividendi per questo turno sono i seguenti.<br>IeeeAntenna$ociety : 20$<br>Totale: 20$',1),(33,'2017-06-30 19:00:00','2017-07-06 06:57:26',NULL,4,'2017-06-30 19:00:00','Dividendi turno 3','I dividendi per questo turno sono i seguenti.<br>RAI : 32$<br>TIM : 28$<br>Totale: 60$',1),(34,'2017-06-30 19:00:00','2017-07-01 20:20:21',NULL,2,'2017-06-30 19:00:00','Dividendi turno 3','I dividendi per questo turno sono i seguenti.<br>Ferrari : 26$<br>Totale: 26$',1),(35,'2017-06-30 19:00:00','2017-06-30 19:00:00',NULL,5,'2017-06-30 19:00:00','Dividendi turno 3','I dividendi per questo turno sono i seguenti.<br>Lauraeffe : 4$<br>Totale: 4$',0),(36,'2017-06-30 19:00:00','2017-06-30 19:20:25',NULL,6,'2017-06-30 19:00:00','Dividendi turno 3','I dividendi per questo turno sono i seguenti.<br>SCORO SPA : 26$<br>Apple : 17$<br>Razzi No Profit : 20$<br>Totale: 63$',1),(37,'2017-06-30 19:00:00','2017-06-30 23:34:58',NULL,7,'2017-06-30 19:00:00','Dividendi turno 3','I dividendi per questo turno sono i seguenti.<br>Chiesa Cattolica : 26$<br>Eternit distribution  : 14$<br>Totale: 40$',1),(38,'2017-06-30 19:00:00','2017-07-01 23:08:41',NULL,3,'2017-06-30 19:00:00','Dividendi turno 3','I dividendi per questo turno sono i seguenti.<br>Rameico : 12$<br>Dove : 10$<br>Totale: 22$',1),(39,'2017-06-30 19:00:00','2017-07-02 08:40:07',NULL,1,'2017-06-30 19:00:00','Dividendi turno 3','I dividendi per questo turno sono i seguenti.<br>Mercedes : 42$<br>UniNa : 24$<br>Totale: 66$',1),(40,'2017-06-30 19:00:00','2017-06-30 19:00:00',NULL,8,'2017-06-30 19:00:00','Dividendi turno 3','I dividendi per questo turno sono i seguenti.<br>Mercedes : 21$<br>Totale: 21$',0),(41,'2017-06-30 19:00:00','2017-07-01 08:39:37',NULL,10,'2017-06-30 19:00:00','Dividendi turno 3','I dividendi per questo turno sono i seguenti.<br>Apple : 34$<br>Mafia : 28$<br>Totale: 62$',1),(42,'2017-06-30 19:43:22','2017-06-30 19:43:22',NULL,12,'2017-06-30 19:43:18','Asta SCORO SPA','L\'asta a cui hai partecipato per la societa\' SCORO SPA e\' stata vinta da ministro per 65$.',0),(43,'2017-06-30 19:43:22','2017-06-30 19:46:14',NULL,11,'2017-06-30 19:43:18','Asta SCORO SPA','L\'asta a cui hai partecipato per la societa\' SCORO SPA e\' stata vinta da ministro per 65$.',1),(44,'2017-06-30 19:43:22','2017-06-30 19:43:26',NULL,6,'2017-06-30 19:43:18','Asta SCORO SPA','L\'asta a cui hai partecipato per la societa\' SCORO SPA e\' stata vinta da ministro per 65$.',1),(45,'2017-06-30 21:36:34','2017-07-01 20:14:15',NULL,2,'2017-06-30 21:36:33','Asta Mercedes','L\'asta a cui hai partecipato per la societa\' Mercedes e\' stata vinta da vinc per 50$.',1),(46,'2017-06-30 21:36:34','2017-06-30 23:29:04',NULL,11,'2017-06-30 21:36:33','Asta Mercedes','L\'asta a cui hai partecipato per la societa\' Mercedes e\' stata vinta da vinc per 50$.',1),(47,'2017-06-30 21:36:34','2017-06-30 21:36:39',NULL,1,'2017-06-30 21:36:33','Asta Mercedes','L\'asta a cui hai partecipato per la societa\' Mercedes e\' stata vinta da vinc per 50$.',1),(48,'2017-06-30 21:36:34','2017-07-01 20:14:11',NULL,2,'2017-06-30 21:36:33','Asta Mercedes','L\'asta a cui hai partecipato per la societa\' Mercedes e\' stata vinta da vinc per 20$.',1),(49,'2017-06-30 21:36:34','2017-06-30 21:36:36',NULL,1,'2017-06-30 21:36:33','Asta Mercedes','L\'asta a cui hai partecipato per la societa\' Mercedes e\' stata vinta da vinc per 20$.',1),(50,'2017-06-30 22:26:30','2017-07-01 20:14:19',NULL,2,'2017-06-30 22:04:31','Asta Terronia','L\'asta a cui hai partecipato per la societa\' Terronia e\' stata vinta da paovalle per 35$.',1),(51,'2017-06-30 22:26:30','2017-06-30 22:26:30',NULL,12,'2017-06-30 22:04:31','Asta Terronia','L\'asta a cui hai partecipato per la societa\' Terronia e\' stata vinta da paovalle per 35$.',0),(52,'2017-06-30 22:26:30','2017-06-30 23:33:51','2017-07-01 19:07:26',9,'2017-06-30 22:04:31','Asta Terronia','L\'asta a cui hai partecipato per la societa\' Terronia e\' stata vinta da paovalle per 35$.',1),(53,'2017-06-30 22:26:30','2017-06-30 23:31:29','2017-07-01 19:07:26',9,'2017-06-30 22:12:21','Asta orariunina.it','L\'asta a cui hai partecipato per la societa\' orariunina.it e\' stata vinta da paovalle per 24$.',1),(54,'2017-07-01 05:14:35','2017-07-01 05:14:35',NULL,12,'2017-07-01 01:19:07','Asta Ferrari','L\'asta a cui hai partecipato per la societa\' Ferrari e\' stata vinta da AntonioRazzi per 4$.',0),(55,'2017-07-01 05:14:35','2017-07-01 06:02:20',NULL,7,'2017-07-01 01:19:07','Asta Ferrari','L\'asta a cui hai partecipato per la societa\' Ferrari e\' stata vinta da AntonioRazzi per 4$.',1),(56,'2017-07-01 07:00:01','2017-07-03 13:19:46',NULL,13,'2017-07-01 07:00:00','Dividendi turno 4','I dividendi per questo turno sono i seguenti.<br>Casertavecchia : 20$<br>Totale: 20$',1),(57,'2017-07-01 07:00:01','2017-07-01 07:00:01',NULL,8,'2017-07-01 07:00:00','Dividendi turno 4','I dividendi per questo turno sono i seguenti.<br>Mercedes : 23$<br>Totale: 23$',0),(58,'2017-07-01 07:00:01','2017-07-06 06:57:35',NULL,4,'2017-07-01 07:00:00','Dividendi turno 4','I dividendi per questo turno sono i seguenti.<br>RAI : 42$<br>TIM : 34$<br>SKY : 32$<br>Totale: 108$',1),(59,'2017-07-01 07:00:01','2017-07-01 12:06:11',NULL,7,'2017-07-01 07:00:00','Dividendi turno 4','I dividendi per questo turno sono i seguenti.<br>Ferrari : 9$<br>Chiesa Cattolica : 36$<br>Eternit distribution  : 26$<br>Totale: 71$',1),(60,'2017-07-01 07:00:01','2017-07-01 07:00:01',NULL,5,'2017-07-01 07:00:00','Dividendi turno 4','I dividendi per questo turno sono i seguenti.<br>Lauraeffe : 4$<br>Totale: 4$',0),(61,'2017-07-01 07:00:01','2017-07-01 08:39:40',NULL,10,'2017-07-01 07:00:00','Dividendi turno 4','I dividendi per questo turno sono i seguenti.<br>Apple : 44$<br>Mafia : 34$<br>Totale: 78$',1),(62,'2017-07-01 07:00:01','2017-07-01 10:04:13',NULL,11,'2017-07-01 07:00:00','Dividendi turno 4','I dividendi per questo turno sono i seguenti.<br>IeeeAntenna$ociety : 26$<br>IeeeAero$pace : 12$<br>Totale: 38$',1),(63,'2017-07-01 07:00:01','2017-07-01 23:08:22',NULL,3,'2017-07-01 07:00:00','Dividendi turno 4','I dividendi per questo turno sono i seguenti.<br>Rameico : 12$<br>Dove : 10$<br>Totale: 22$',1),(64,'2017-07-01 07:00:01','2017-07-02 08:40:10',NULL,1,'2017-07-01 07:00:00','Dividendi turno 4','I dividendi per questo turno sono i seguenti.<br>Mercedes : 92$<br>UniNa : 28$<br>MazzoccaPeripherals : 6$<br>Totale: 126$',1),(65,'2017-07-01 07:00:01','2017-07-01 20:20:16',NULL,2,'2017-07-01 07:00:00','Dividendi turno 4','I dividendi per questo turno sono i seguenti.<br>Ferrari : 18$<br>Totale: 18$',1),(66,'2017-07-01 07:00:01','2017-07-01 07:09:15',NULL,6,'2017-07-01 07:00:00','Dividendi turno 4','I dividendi per questo turno sono i seguenti.<br>SCORO SPA : 60$<br>Apple : 22$<br>Razzi No Profit : 24$<br>Totale: 106$',1),(67,'2017-07-01 07:00:01','2017-07-01 07:09:23','2017-07-01 19:07:26',9,'2017-07-01 07:00:00','Dividendi turno 4','I dividendi per questo turno sono i seguenti.<br>Terronia : 72$<br>orariunina.it : 33$<br>Totale: 105$',1),(68,'2017-07-01 07:22:08','2017-07-01 07:22:11',NULL,6,'2017-07-01 07:22:04','Asta Razzi No Profit','L\'asta a cui hai partecipato per la societa\' Razzi No Profit e\' stata vinta da ministro per 95$.',1),(69,'2017-07-01 07:22:08','2017-07-01 07:22:49','2017-07-01 19:07:26',9,'2017-07-01 07:22:04','Asta Razzi No Profit','L\'asta a cui hai partecipato per la societa\' Razzi No Profit e\' stata vinta da ministro per 95$.',1),(70,'2017-07-01 09:19:35','2017-07-01 09:46:57',NULL,1,'2017-07-01 09:19:34','Asta UniNa','L\'asta a cui hai partecipato per la societa\' UniNa e\' stata vinta da paovalle per 35$.',1),(71,'2017-07-01 09:19:35','2017-07-01 09:21:48','2017-07-01 19:07:26',9,'2017-07-01 09:19:34','Asta UniNa','L\'asta a cui hai partecipato per la societa\' UniNa e\' stata vinta da paovalle per 35$.',1),(72,'2017-07-01 09:21:36','2017-07-01 09:21:43','2017-07-01 19:07:26',9,'2017-07-01 09:21:35','Asta UniNa','L\'asta a cui hai partecipato per la societa\' UniNa e\' stata vinta da vinc per 40$.',1),(73,'2017-07-01 09:21:36','2017-07-01 09:21:47',NULL,1,'2017-07-01 09:21:35','Asta UniNa','L\'asta a cui hai partecipato per la societa\' UniNa e\' stata vinta da vinc per 40$.',1),(74,'2017-07-01 10:01:52','2017-07-01 10:01:55',NULL,1,'2017-07-01 10:01:46','Asta MazzoccaPeripherals','L\'asta a cui hai partecipato per la societa\' MazzoccaPeripherals e\' stata vinta da vinc per 20$.',1),(75,'2017-07-01 10:01:52','2017-07-01 10:05:49','2017-07-01 19:07:26',9,'2017-07-01 10:01:46','Asta MazzoccaPeripherals','L\'asta a cui hai partecipato per la societa\' MazzoccaPeripherals e\' stata vinta da vinc per 20$.',1),(76,'2017-07-01 10:03:49','2017-07-01 10:03:51',NULL,1,'2017-07-01 10:03:48','Asta MazzoccaPeripherals','L\'asta a cui hai partecipato per la societa\' MazzoccaPeripherals e\' stata vinta da Mikrobo per 20$.',1),(77,'2017-07-01 10:03:49','2017-07-01 10:05:43','2017-07-01 19:07:26',9,'2017-07-01 10:03:48','Asta MazzoccaPeripherals','L\'asta a cui hai partecipato per la societa\' MazzoccaPeripherals e\' stata vinta da Mikrobo per 20$.',1),(78,'2017-07-01 10:03:49','2017-07-01 10:04:05',NULL,11,'2017-07-01 10:03:48','Asta MazzoccaPeripherals','L\'asta a cui hai partecipato per la societa\' MazzoccaPeripherals e\' stata vinta da Mikrobo per 20$.',1),(79,'2017-07-01 19:00:01','2017-07-01 20:20:18',NULL,2,'2017-07-01 19:00:00','Dividendi turno 5','I dividendi per questo turno sono i seguenti.<br>Ferrari : 18$<br>Totale: 18$',1),(80,'2017-07-01 19:00:01','2017-07-01 19:00:01',NULL,7,'2017-07-01 19:00:00','Dividendi turno 5','I dividendi per questo turno sono i seguenti.<br>Ferrari : 9$<br>Chiesa Cattolica : 42$<br>Eternit distribution  : 38$<br>TheBigWheel Industries   : 40$<br>Totale: 129$',0),(81,'2017-07-01 19:00:01','2017-07-01 19:00:01',NULL,5,'2017-07-01 19:00:00','Dividendi turno 5','I dividendi per questo turno sono i seguenti.<br>Lauraeffe : 4$<br>Totale: 4$',0),(82,'2017-07-01 19:00:01','2017-07-03 13:07:02',NULL,10,'2017-07-01 19:00:00','Dividendi turno 5','I dividendi per questo turno sono i seguenti.<br>Apple : 52$<br>Mafia : 40$<br>Sacra Corona Unita : 32$<br>Totale: 124$',1),(83,'2017-07-01 19:00:01','2017-07-01 23:07:38',NULL,3,'2017-07-01 19:00:00','Dividendi turno 5','I dividendi per questo turno sono i seguenti.<br>Rameico : 12$<br>Dove : 10$<br>Totale: 22$',1),(84,'2017-07-01 19:00:01','2017-07-01 19:00:01',NULL,8,'2017-07-01 19:00:00','Dividendi turno 5','I dividendi per questo turno sono i seguenti.<br>Mercedes : 31$<br>Totale: 31$',0),(85,'2017-07-01 19:00:01','2017-07-01 19:01:45',NULL,6,'2017-07-01 19:00:00','Dividendi turno 5','I dividendi per questo turno sono i seguenti.<br>SCORO SPA : 72$<br>Apple : 26$<br>Razzi No Profit : 54$<br>Del FRANCO : 8$<br>Totale: 160$',1),(86,'2017-07-01 19:00:01','2017-07-01 19:07:14','2017-07-01 19:07:26',9,'2017-07-01 19:00:00','Dividendi turno 5','I dividendi per questo turno sono i seguenti.<br>Terronia : 88$<br>UniNa : 19$<br>orariunina.it : 39$<br>Totale: 146$',1),(87,'2017-07-01 19:00:01','2017-07-01 19:03:38',NULL,11,'2017-07-01 19:00:00','Dividendi turno 5','I dividendi per questo turno sono i seguenti.<br>IeeeAntenna$ociety : 34$<br>MazzoccaPeripherals : 6$<br>IeeeAero$pace : 18$<br>Totale: 58$',1),(88,'2017-07-01 19:00:01','2017-07-03 13:19:45',NULL,13,'2017-07-01 19:00:00','Dividendi turno 5','I dividendi per questo turno sono i seguenti.<br>Casertavecchia : 32$<br>Pozzovetere : 10$<br>Totale: 42$',1),(89,'2017-07-01 19:00:01','2017-07-02 08:40:12',NULL,1,'2017-07-01 19:00:00','Dividendi turno 5','I dividendi per questo turno sono i seguenti.<br>Mercedes : 124$<br>UniNa : 57$<br>MazzoccaPeripherals : 18$<br>Totale: 199$',1),(90,'2017-07-01 19:00:01','2017-07-06 06:57:45',NULL,4,'2017-07-01 19:00:00','Dividendi turno 5','I dividendi per questo turno sono i seguenti.<br>RAI : 42$<br>TIM : 34$<br>SKY : 32$<br>Totale: 108$',1),(91,'2017-07-01 19:02:08','2017-07-03 13:07:05',NULL,10,'2017-07-01 19:02:06','Asta Terronia','L\'asta a cui hai partecipato per la societa\' Terronia e\' stata vinta da paovalle per 100$.',1),(92,'2017-07-01 19:02:08','2017-07-01 19:06:53','2017-07-01 19:07:26',9,'2017-07-01 19:02:06','Asta Terronia','L\'asta a cui hai partecipato per la societa\' Terronia e\' stata vinta da paovalle per 100$.',1),(93,'2017-07-01 19:02:25','2017-07-01 19:03:33',NULL,11,'2017-07-01 19:02:22','Asta orariunina.it','L\'asta a cui hai partecipato per la societa\' orariunina.it e\' stata vinta da paovalle per 70$.',1),(94,'2017-07-01 19:02:25','2017-07-01 19:07:03','2017-07-01 19:07:26',9,'2017-07-01 19:02:22','Asta orariunina.it','L\'asta a cui hai partecipato per la societa\' orariunina.it e\' stata vinta da paovalle per 70$.',1),(95,'2017-07-01 19:12:47','2017-07-01 21:37:03',NULL,10,'2017-07-01 19:12:28','Asta Terronia','L\'asta a cui hai partecipato per la societa\' Terronia e\' stata vinta da vinc per 38$.',1),(96,'2017-07-01 19:12:47','2017-07-01 19:12:56','2017-07-03 16:16:46',9,'2017-07-01 19:12:28','Asta Terronia','L\'asta a cui hai partecipato per la societa\' Terronia e\' stata vinta da vinc per 38$.',1),(97,'2017-07-01 19:12:47','2017-07-01 19:18:25',NULL,6,'2017-07-01 19:12:28','Asta Terronia','L\'asta a cui hai partecipato per la societa\' Terronia e\' stata vinta da vinc per 38$.',1),(98,'2017-07-01 19:12:47','2017-07-01 19:12:50',NULL,1,'2017-07-01 19:12:28','Asta Terronia','L\'asta a cui hai partecipato per la societa\' Terronia e\' stata vinta da vinc per 38$.',1),(99,'2017-07-01 19:13:49','2017-07-01 19:14:10','2017-07-03 16:16:46',9,'2017-07-01 19:13:47','Asta orariunina.it','L\'asta a cui hai partecipato per la societa\' orariunina.it e\' stata vinta da vinc per 47$.',1),(100,'2017-07-01 19:13:49','2017-07-01 19:13:57',NULL,1,'2017-07-01 19:13:47','Asta orariunina.it','L\'asta a cui hai partecipato per la societa\' orariunina.it e\' stata vinta da vinc per 47$.',1),(101,'2017-07-01 19:29:52','2017-07-01 19:30:07',NULL,6,'2017-07-01 19:29:51','Asta Del FRANCO','L\'asta a cui hai partecipato per la societa\' Del FRANCO e\' stata vinta da ministro per 80$.',1),(102,'2017-07-01 20:23:43','2017-07-01 21:37:00',NULL,10,'2017-07-01 20:23:18','Asta Mafia','L\'asta a cui hai partecipato per la societa\' Mafia e\' stata vinta da paovalle per 42$.',1),(103,'2017-07-01 20:23:43','2017-07-01 20:24:29','2017-07-03 16:16:46',9,'2017-07-01 20:23:18','Asta Mafia','L\'asta a cui hai partecipato per la societa\' Mafia e\' stata vinta da paovalle per 42$.',1),(104,'2017-07-01 20:23:43','2017-07-02 17:56:46',NULL,2,'2017-07-01 20:23:18','Asta Mafia','L\'asta a cui hai partecipato per la societa\' Mafia e\' stata vinta da paovalle per 42$.',1),(105,'2017-07-01 22:10:16','2017-07-01 22:10:17',NULL,1,'2017-07-01 22:10:14','Asta MazzoccaPeripherals','L\'asta a cui hai partecipato per la societa\' MazzoccaPeripherals e\' stata vinta da vinc per 81$.',1),(106,'2017-07-01 22:10:16','2017-07-02 08:14:45',NULL,6,'2017-07-01 22:10:14','Asta MazzoccaPeripherals','L\'asta a cui hai partecipato per la societa\' MazzoccaPeripherals e\' stata vinta da vinc per 81$.',1),(107,'2017-07-01 22:27:23','2017-07-02 18:05:05',NULL,2,'2017-07-01 22:25:57','Asta IeeeAero$pace','L\'asta a cui hai partecipato per la societa\' IeeeAero$pace e\' stata vinta da Mikrobo per 50$.',1),(108,'2017-07-01 22:27:23','2017-07-01 22:27:56',NULL,11,'2017-07-01 22:25:57','Asta IeeeAero$pace','L\'asta a cui hai partecipato per la societa\' IeeeAero$pace e\' stata vinta da Mikrobo per 50$.',1),(109,'2017-07-02 07:01:18','2017-07-02 07:04:33','2017-07-03 16:16:46',9,'2017-07-02 07:00:00','Dividendi turno 6','I dividendi per questo turno sono i seguenti.<br>Terronia : 120$<br>UniNa : 24$<br>orariunina.it : 80$<br>Mafia : 24$<br>Totale: 248$',1),(110,'2017-07-02 07:01:18','2017-07-03 13:19:42',NULL,13,'2017-07-02 07:00:00','Dividendi turno 6','I dividendi per questo turno sono i seguenti.<br>Casertavecchia : 42$<br>Pozzovetere : 14$<br>IlTriangoloNo! : 12$<br>Totale: 68$',1),(111,'2017-07-02 07:01:18','2017-07-02 07:07:00',NULL,3,'2017-07-02 07:00:00','Dividendi turno 6','I dividendi per questo turno sono i seguenti.<br>Rameico : 12$<br>Dove : 10$<br>Nivea : 42$<br>Totale: 64$',1),(112,'2017-07-02 07:01:18','2017-07-02 07:01:18',NULL,8,'2017-07-02 07:00:00','Dividendi turno 6','I dividendi per questo turno sono i seguenti.<br>Mercedes : 39$<br>Totale: 39$',0),(113,'2017-07-02 07:01:18','2017-07-06 06:57:55',NULL,4,'2017-07-02 07:00:00','Dividendi turno 6','I dividendi per questo turno sono i seguenti.<br>RAI : 66$<br>TIM : 50$<br>SKY : 48$<br>ENEL : 10$<br>Totale: 174$',1),(114,'2017-07-02 07:01:18','2017-07-02 07:01:18',NULL,7,'2017-07-02 07:00:00','Dividendi turno 6','I dividendi per questo turno sono i seguenti.<br>Ferrari : 16$<br>Chiesa Cattolica : 52$<br>Eternit distribution  : 38$<br>TheBigWheel Industries   : 62$<br>Totale: 168$',0),(115,'2017-07-02 07:01:18','2017-07-02 07:01:18',NULL,5,'2017-07-02 07:00:00','Dividendi turno 6','I dividendi per questo turno sono i seguenti.<br>Lauraeffe : 4$<br>Totale: 4$',0),(116,'2017-07-02 07:01:18','2017-07-02 08:40:15',NULL,1,'2017-07-02 07:00:00','Dividendi turno 6','I dividendi per questo turno sono i seguenti.<br>Mercedes : 156$<br>Terronia : 24$<br>UniNa : 72$<br>orariunina.it : 20$<br>MazzoccaPeripherals : 60$<br>2EuroAPiacer : 18$<br>Totale: 350$',1),(117,'2017-07-02 07:01:18','2017-07-02 18:05:01',NULL,2,'2017-07-02 07:00:00','Dividendi turno 6','I dividendi per questo turno sono i seguenti.<br>Ferrari : 32$<br>Totale: 32$',1),(118,'2017-07-02 07:01:18','2017-07-02 08:14:48',NULL,6,'2017-07-02 07:00:00','Dividendi turno 6','I dividendi per questo turno sono i seguenti.<br>SCORO SPA : 87$<br>Apple : 32$<br>Razzi No Profit : 81$<br>Del FRANCO : 48$<br>Totale: 248$',1),(119,'2017-07-02 07:01:18','2017-07-03 13:07:07',NULL,10,'2017-07-02 07:00:00','Dividendi turno 6','I dividendi per questo turno sono i seguenti.<br>Apple : 64$<br>Mafia : 48$<br>Sacra Corona Unita : 40$<br>Totale: 152$',1),(120,'2017-07-02 07:01:18','2017-07-02 07:08:24',NULL,11,'2017-07-02 07:00:00','Dividendi turno 6','I dividendi per questo turno sono i seguenti.<br>IeeeAntenna$ociety : 46$<br>MazzoccaPeripherals : 15$<br>IeeeAero$pace : 42$<br>Totale: 103$',1),(121,'2017-07-02 07:17:37','2017-07-02 14:09:09',NULL,3,'2017-07-02 07:17:36','Asta UniNa','L\'asta a cui hai partecipato per la societa\' UniNa e\' stata vinta da AntonioRazzi per 135$.',1),(122,'2017-07-02 07:17:37','2017-07-02 08:14:10',NULL,11,'2017-07-02 07:17:36','Asta UniNa','L\'asta a cui hai partecipato per la societa\' UniNa e\' stata vinta da AntonioRazzi per 135$.',1),(123,'2017-07-02 07:17:37','2017-07-02 07:17:59',NULL,1,'2017-07-02 07:17:36','Asta UniNa','L\'asta a cui hai partecipato per la societa\' UniNa e\' stata vinta da AntonioRazzi per 135$.',1),(124,'2017-07-02 07:17:37','2017-07-02 07:18:03','2017-07-03 16:16:46',9,'2017-07-02 07:17:36','Asta UniNa','L\'asta a cui hai partecipato per la societa\' UniNa e\' stata vinta da AntonioRazzi per 135$.',1),(125,'2017-07-02 07:17:37','2017-07-02 07:17:37',NULL,7,'2017-07-02 07:17:36','Asta UniNa','L\'asta a cui hai partecipato per la societa\' UniNa e\' stata vinta da AntonioRazzi per 135$.',0),(126,'2017-07-02 07:17:37','2017-07-03 13:07:13',NULL,10,'2017-07-02 07:17:36','Asta UniNa','L\'asta a cui hai partecipato per la societa\' UniNa e\' stata vinta da AntonioRazzi per 135$.',1),(127,'2017-07-02 07:26:10','2017-07-02 07:28:55',NULL,3,'2017-07-02 07:26:08','Asta Mercedes','L\'asta a cui hai partecipato per la societa\' Mercedes e\' stata vinta da vinc per 170$.',1),(128,'2017-07-02 07:26:10','2017-07-02 07:26:47',NULL,1,'2017-07-02 07:26:08','Asta Mercedes','L\'asta a cui hai partecipato per la societa\' Mercedes e\' stata vinta da vinc per 170$.',1),(129,'2017-07-02 07:26:10','2017-07-02 07:33:15','2017-07-03 16:16:46',9,'2017-07-02 07:26:08','Asta Mercedes','L\'asta a cui hai partecipato per la societa\' Mercedes e\' stata vinta da vinc per 170$.',1),(130,'2017-07-02 07:26:10','2017-07-02 07:26:10',NULL,7,'2017-07-02 07:26:08','Asta Mercedes','L\'asta a cui hai partecipato per la societa\' Mercedes e\' stata vinta da vinc per 170$.',0),(131,'2017-07-02 07:45:44','2017-07-03 13:09:42',NULL,13,'2017-07-02 07:45:23','Asta Mercedes','L\'asta a cui hai partecipato per la societa\' Mercedes e\' stata vinta da paovalle per 180$.',1),(132,'2017-07-02 07:45:44','2017-07-02 09:12:05','2017-07-03 16:16:46',9,'2017-07-02 07:45:23','Asta Mercedes','L\'asta a cui hai partecipato per la societa\' Mercedes e\' stata vinta da paovalle per 180$.',1),(133,'2017-07-02 07:45:44','2017-07-02 07:46:07',NULL,1,'2017-07-02 07:45:23','Asta Mercedes','L\'asta a cui hai partecipato per la societa\' Mercedes e\' stata vinta da paovalle per 180$.',1),(134,'2017-07-02 07:45:44','2017-07-02 07:45:44',NULL,7,'2017-07-02 07:45:23','Asta Mercedes','L\'asta a cui hai partecipato per la societa\' Mercedes e\' stata vinta da paovalle per 180$.',0),(135,'2017-07-02 08:18:29','2017-07-02 17:57:20',NULL,2,'2017-07-02 08:18:26','Asta Ferrari','L\'asta a cui hai partecipato per la societa\' Ferrari e\' stata vinta da AntonioRazzi per 51$.',1),(136,'2017-07-02 08:18:29','2017-07-02 08:19:10',NULL,7,'2017-07-02 08:18:26','Asta Ferrari','L\'asta a cui hai partecipato per la societa\' Ferrari e\' stata vinta da AntonioRazzi per 51$.',1),(137,'2017-07-02 09:23:54','2017-07-02 09:23:54',NULL,7,'2017-07-02 09:23:27','Asta Sacra Corona Unita','L\'asta a cui hai partecipato per la societa\' Sacra Corona Unita e\' stata vinta da AntonioRazzi per 1$.',0),(138,'2017-07-02 10:04:31','2017-07-02 10:09:36',NULL,6,'2017-07-02 10:04:29','Asta Del FRANCO','L\'asta a cui hai partecipato per la societa\' Del FRANCO e\' stata vinta da ministro per 150$.',1),(139,'2017-07-02 10:06:32','2017-07-02 10:09:33',NULL,6,'2017-07-02 10:06:31','Asta SCORO SPA','L\'asta a cui hai partecipato per la societa\' SCORO SPA e\' stata vinta da ministro per 161$.',1),(140,'2017-07-02 10:06:32','2017-07-02 10:06:33',NULL,1,'2017-07-02 10:06:31','Asta SCORO SPA','L\'asta a cui hai partecipato per la societa\' SCORO SPA e\' stata vinta da ministro per 161$.',1),(141,'2017-07-02 10:41:11','2017-07-02 10:42:14',NULL,3,'2017-07-02 10:40:12','Asta IeeeAntenna$ociety','L\'asta a cui hai partecipato per la societa\' IeeeAntenna$ociety e\' stata vinta da vinc per 150$.',1),(142,'2017-07-02 10:41:11','2017-07-02 10:41:52',NULL,11,'2017-07-02 10:40:12','Asta IeeeAntenna$ociety','L\'asta a cui hai partecipato per la societa\' IeeeAntenna$ociety e\' stata vinta da vinc per 150$.',1),(143,'2017-07-02 10:41:11','2017-07-02 10:41:17',NULL,1,'2017-07-02 10:40:12','Asta IeeeAntenna$ociety','L\'asta a cui hai partecipato per la societa\' IeeeAntenna$ociety e\' stata vinta da vinc per 150$.',1),(144,'2017-07-02 19:00:03','2017-07-02 19:58:53',NULL,3,'2017-07-02 19:00:00','Dividendi turno 7','I dividendi per questo turno sono i seguenti.<br>Rameico : 18$<br>Dove : 22$<br>Nivea : 54$<br>Totale: 94$',1),(145,'2017-07-02 19:00:03','2017-07-02 19:00:47',NULL,1,'2017-07-02 19:00:00','Dividendi turno 7','I dividendi per questo turno sono i seguenti.<br>Mercedes : 215$<br>Terronia : 35$<br>UniNa : 111$<br>IeeeAntenna$ociety : 33$<br>orariunina.it : 25$<br>MazzoccaPeripherals : 88$<br>2EuroAPiacer : 44$<br>Totale: 551$',1),(146,'2017-07-02 19:00:03','2017-07-02 19:00:03',NULL,8,'2017-07-02 19:00:00','Dividendi turno 7','I dividendi per questo turno sono i seguenti.<br>Mercedes : 43$<br>Totale: 43$',0),(147,'2017-07-02 19:00:03','2017-07-02 19:54:06','2017-07-03 16:16:46',9,'2017-07-02 19:00:00','Dividendi turno 7','I dividendi per questo turno sono i seguenti.<br>Mercedes : 43$<br>Terronia : 175$<br>UniNa : 37$<br>orariunina.it : 100$<br>Mafia : 24$<br>Simplesso : 28$<br>Totale: 407$',1),(148,'2017-07-02 19:00:03','2017-07-06 06:58:17',NULL,4,'2017-07-02 19:00:00','Dividendi turno 7','I dividendi per questo turno sono i seguenti.<br>RAI : 88$<br>TIM : 60$<br>SKY : 58$<br>ENEL : 54$<br>LA7 : 40$<br>Totale: 300$',1),(149,'2017-07-02 19:00:03','2017-07-03 07:26:34',NULL,2,'2017-07-02 19:00:00','Dividendi turno 7','I dividendi per questo turno sono i seguenti.<br>Ferrari : 24$<br>Lamborghini  : 16$<br>Totale: 40$',1),(150,'2017-07-02 19:00:03','2017-07-02 19:00:03',NULL,7,'2017-07-02 19:00:00','Dividendi turno 7','I dividendi per questo turno sono i seguenti.<br>Ferrari : 24$<br>Chiesa Cattolica : 68$<br>UniNa : 37$<br>Eternit distribution  : 56$<br>Sacra Corona Unita : 13$<br>TheBigWheel Industries   : 82$<br>Totale: 280$',0),(151,'2017-07-02 19:00:03','2017-07-02 22:18:11',NULL,5,'2017-07-02 19:00:00','Dividendi turno 7','I dividendi per questo turno sono i seguenti.<br>Lauraeffe : 4$<br>Totale: 4$',1),(152,'2017-07-02 19:00:03','2017-07-03 13:19:39',NULL,13,'2017-07-02 19:00:00','Dividendi turno 7','I dividendi per questo turno sono i seguenti.<br>Casertavecchia : 42$<br>Pozzovetere : 14$<br>IlTriangoloNo! : 12$<br>Totale: 68$',1),(153,'2017-07-02 19:00:03','2017-07-02 19:12:54',NULL,6,'2017-07-02 19:00:00','Dividendi turno 7','I dividendi per questo turno sono i seguenti.<br>SCORO SPA : 156$<br>Apple : 32$<br>Razzi No Profit : 102$<br>Del FRANCO : 96$<br>Totale: 386$',1),(154,'2017-07-02 19:00:03','2017-07-03 13:07:11',NULL,10,'2017-07-02 19:00:00','Dividendi turno 7','I dividendi per questo turno sono i seguenti.<br>Apple : 64$<br>Mafia : 48$<br>Sacra Corona Unita : 26$<br>Totale: 138$',1),(155,'2017-07-02 19:00:03','2017-07-02 19:20:24',NULL,11,'2017-07-02 19:00:00','Dividendi turno 7','I dividendi per questo turno sono i seguenti.<br>IeeeAntenna$ociety : 66$<br>MazzoccaPeripherals : 22$<br>IeeeAero$pace : 57$<br>CercaCasa.it byCrisFlam : 18$<br>Totale: 163$',1),(156,'2017-07-02 19:15:19','2017-07-02 19:15:25',NULL,3,'2017-07-02 19:15:18','Asta Nivea','L\'asta a cui hai partecipato per la societa\' Nivea e\' stata vinta da CrImperatrix per 104$.',1),(157,'2017-07-02 19:24:25','2017-07-02 21:38:28','2017-07-03 14:19:43',4,'2017-07-02 19:24:23','Asta Dove','L\'asta a cui hai partecipato per la societa\' Dove e\' stata vinta da Mikrobo per 60$.',1),(158,'2017-07-02 19:24:25','2017-07-02 19:30:23',NULL,11,'2017-07-02 19:24:23','Asta Dove','L\'asta a cui hai partecipato per la societa\' Dove e\' stata vinta da Mikrobo per 60$.',1),(159,'2017-07-02 19:37:49','2017-07-02 19:38:24',NULL,1,'2017-07-02 19:37:35','Asta MazzoccaPeripherals','L\'asta a cui hai partecipato per la societa\' MazzoccaPeripherals e\' stata vinta da vinc per 250$.',1),(160,'2017-07-02 19:37:49','2017-07-02 19:39:47',NULL,11,'2017-07-02 19:37:36','Asta MazzoccaPeripherals','L\'asta a cui hai partecipato per la societa\' MazzoccaPeripherals e\' stata vinta da Mikrobo per 90$.',1),(161,'2017-07-02 19:53:54','2017-07-02 19:53:56',NULL,1,'2017-07-02 19:53:53','Asta 2EuroAPiacer','L\'asta a cui hai partecipato per la societa\' 2EuroAPiacer e\' stata vinta da paovalle per 151$.',1),(162,'2017-07-02 19:53:54','2017-07-02 19:54:04',NULL,3,'2017-07-02 19:53:53','Asta 2EuroAPiacer','L\'asta a cui hai partecipato per la societa\' 2EuroAPiacer e\' stata vinta da paovalle per 151$.',1),(163,'2017-07-02 19:53:54','2017-07-02 19:54:03','2017-07-03 16:16:46',9,'2017-07-02 19:53:53','Asta 2EuroAPiacer','L\'asta a cui hai partecipato per la societa\' 2EuroAPiacer e\' stata vinta da paovalle per 151$.',1),(164,'2017-07-02 19:57:00','2017-07-02 19:57:13',NULL,1,'2017-07-02 19:56:55','Asta 2EuroAPiacer','L\'asta a cui hai partecipato per la societa\' 2EuroAPiacer e\' stata vinta da vinc per 200$.',1),(165,'2017-07-02 19:57:00','2017-07-02 19:57:01',NULL,3,'2017-07-02 19:56:55','Asta 2EuroAPiacer','L\'asta a cui hai partecipato per la societa\' 2EuroAPiacer e\' stata vinta da vinc per 200$.',1),(166,'2017-07-02 19:57:00','2017-07-02 19:58:04','2017-07-03 16:16:46',9,'2017-07-02 19:56:55','Asta 2EuroAPiacer','L\'asta a cui hai partecipato per la societa\' 2EuroAPiacer e\' stata vinta da vinc per 200$.',1),(167,'2017-07-02 20:18:59','2017-07-03 09:30:51',NULL,6,'2017-07-02 20:18:58','Asta Razzi No Profit','L\'asta a cui hai partecipato per la societa\' Razzi No Profit e\' stata vinta da ministro per 190$.',1),(168,'2017-07-02 20:57:08','2017-07-02 21:38:32','2017-07-03 14:19:43',4,'2017-07-02 20:55:05','Asta TIM','L\'asta a cui hai partecipato per la societa\' TIM e\' stata vinta da russanto per 81$.',1),(169,'2017-07-02 20:57:08','2017-07-03 07:02:31',NULL,10,'2017-07-02 20:55:05','Asta TIM','L\'asta a cui hai partecipato per la societa\' TIM e\' stata vinta da russanto per 81$.',1),(170,'2017-07-02 22:26:07','2017-07-02 22:26:15',NULL,3,'2017-07-02 22:26:03','Asta IeeeAero$pace','L\'asta a cui hai partecipato per la societa\' IeeeAero$pace e\' stata vinta da CrImperatrix per 62$.',1),(171,'2017-07-02 22:26:07','2017-07-03 07:02:27',NULL,10,'2017-07-02 22:26:03','Asta IeeeAero$pace','L\'asta a cui hai partecipato per la societa\' IeeeAero$pace e\' stata vinta da CrImperatrix per 62$.',1),(172,'2017-07-02 22:26:07','2017-07-03 14:19:33','2017-07-03 14:19:43',4,'2017-07-02 22:26:03','Asta IeeeAero$pace','L\'asta a cui hai partecipato per la societa\' IeeeAero$pace e\' stata vinta da CrImperatrix per 62$.',1),(173,'2017-07-02 22:27:05','2017-07-02 22:27:14',NULL,3,'2017-07-02 22:27:01','Asta IeeeAero$pace','L\'asta a cui hai partecipato per la societa\' IeeeAero$pace e\' stata vinta da Mikrobo per 112$.',1),(174,'2017-07-02 22:27:05','2017-07-03 07:02:22',NULL,10,'2017-07-02 22:27:01','Asta IeeeAero$pace','L\'asta a cui hai partecipato per la societa\' IeeeAero$pace e\' stata vinta da Mikrobo per 112$.',1),(175,'2017-07-02 22:27:05','2017-07-02 22:27:05','2017-07-03 16:16:46',9,'2017-07-02 22:27:01','Asta IeeeAero$pace','L\'asta a cui hai partecipato per la societa\' IeeeAero$pace e\' stata vinta da Mikrobo per 112$.',0),(176,'2017-07-02 22:27:05','2017-07-02 22:27:10',NULL,11,'2017-07-02 22:27:01','Asta IeeeAero$pace','L\'asta a cui hai partecipato per la societa\' IeeeAero$pace e\' stata vinta da Mikrobo per 112$.',1),(177,'2017-07-03 06:10:27','2017-07-03 14:19:28','2017-07-03 14:19:43',4,'2017-07-03 05:59:50','Asta Ferrari','L\'asta a cui hai partecipato per la societa\' Ferrari e\' stata vinta da AntonioRazzi per 2$.',1),(178,'2017-07-03 06:10:27','2017-07-03 06:10:27',NULL,7,'2017-07-03 05:59:50','Asta Ferrari','L\'asta a cui hai partecipato per la societa\' Ferrari e\' stata vinta da AntonioRazzi per 2$.',0),(179,'2017-07-03 06:10:27','2017-07-03 14:19:25','2017-07-03 14:19:43',4,'2017-07-03 05:59:58','Asta Ferrari','L\'asta a cui hai partecipato per la societa\' Ferrari e\' stata vinta da AntonioRazzi per 2$.',1),(180,'2017-07-03 06:10:27','2017-07-03 06:10:27',NULL,7,'2017-07-03 05:59:58','Asta Ferrari','L\'asta a cui hai partecipato per la societa\' Ferrari e\' stata vinta da AntonioRazzi per 2$.',0),(181,'2017-07-03 06:10:27','2017-07-03 06:10:27',NULL,7,'2017-07-03 06:00:45','Asta Ferrari','L\'asta a cui hai partecipato per la societa\' Ferrari e\' stata vinta da AntonioRazzi per 1$.',0),(182,'2017-07-03 06:10:27','2017-07-03 14:19:22','2017-07-03 14:19:43',4,'2017-07-03 06:00:52','Asta Ferrari','L\'asta a cui hai partecipato per la societa\' Ferrari e\' stata vinta da AntonioRazzi per 2$.',1),(183,'2017-07-03 06:10:27','2017-07-03 06:10:27',NULL,7,'2017-07-03 06:00:52','Asta Ferrari','L\'asta a cui hai partecipato per la societa\' Ferrari e\' stata vinta da AntonioRazzi per 2$.',0),(184,'2017-07-03 06:10:27','2017-07-03 08:52:00',NULL,7,'2017-07-03 06:00:55','Asta Ferrari','L\'asta a cui hai partecipato per la societa\' Ferrari e\' stata vinta da AntonioRazzi per 1$.',1),(185,'2017-07-03 07:00:09','2017-07-03 07:00:09',NULL,7,'2017-07-03 07:00:00','Dividendi turno 8','I dividendi per questo turno sono i seguenti.<br>Ferrari : 42$<br>Chiesa Cattolica : 68$<br>UniNa : 45$<br>Eternit distribution  : 56$<br>Sacra Corona Unita : 21$<br>TheBigWheel Industries   : 92$<br>Totale: 324$',0),(186,'2017-07-03 07:00:09','2017-07-03 07:00:09',NULL,5,'2017-07-03 07:00:00','Dividendi turno 8','I dividendi per questo turno sono i seguenti.<br>Lauraeffe : 8$<br>Totale: 8$',0),(187,'2017-07-03 07:00:09','2017-07-03 09:31:03',NULL,6,'2017-07-03 07:00:00','Dividendi turno 8','I dividendi per questo turno sono i seguenti.<br>SCORO SPA : 232$<br>Apple : 45$<br>Razzi No Profit : 180$<br>Del FRANCO : 156$<br>Spotted Unina : 24$<br>Totale: 637$',1),(188,'2017-07-03 07:00:09','2017-07-03 12:58:44',NULL,10,'2017-07-03 07:00:00','Dividendi turno 8','I dividendi per questo turno sono i seguenti.<br>Apple : 90$<br>TIM : 36$<br>Mafia : 68$<br>Sacra Corona Unita : 42$<br>JhonnyStecchino : 24$<br>Totale: 260$',1),(189,'2017-07-03 07:00:09','2017-07-03 07:04:20',NULL,11,'2017-07-03 07:00:00','Dividendi turno 8','I dividendi per questo turno sono i seguenti.<br>Dove : 20$<br>IeeeAntenna$ociety : 110$<br>MazzoccaPeripherals : 54$<br>IeeeAero$pace : 92$<br>CercaCasa.it byCrisFlam : 26$<br>Totale: 302$',1),(190,'2017-07-03 07:00:09','2017-07-03 07:49:14',NULL,3,'2017-07-03 07:00:00','Dividendi turno 8','I dividendi per questo turno sono i seguenti.<br>Rameico : 42$<br>Dove : 40$<br>IeeeAero$pace : 23$<br>Nivea : 108$<br>Totale: 213$',1),(191,'2017-07-03 07:00:09','2017-07-03 07:09:59',NULL,1,'2017-07-03 07:00:00','Dividendi turno 8','I dividendi per questo turno sono i seguenti.<br>Mercedes : 265$<br>Terronia : 44$<br>UniNa : 135$<br>IeeeAntenna$ociety : 55$<br>orariunina.it : 30$<br>MazzoccaPeripherals : 135$<br>2EuroAPiacer : 60$<br>Totale: 724$',1),(192,'2017-07-03 07:00:09','2017-07-06 06:58:22',NULL,4,'2017-07-03 07:00:00','Dividendi turno 8','I dividendi per questo turno sono i seguenti.<br>RAI : 104$<br>TIM : 72$<br>SKY : 74$<br>ENEL : 66$<br>LA7 : 64$<br>Totale: 380$',1),(193,'2017-07-03 07:00:09','2017-07-03 13:19:28',NULL,13,'2017-07-03 07:00:00','Dividendi turno 8','I dividendi per questo turno sono i seguenti.<br>Casertavecchia : 42$<br>Pozzovetere : 14$<br>IlTriangoloNo! : 12$<br>Totale: 68$',1),(194,'2017-07-03 07:00:09','2017-07-03 07:00:09',NULL,8,'2017-07-03 07:00:00','Dividendi turno 8','I dividendi per questo turno sono i seguenti.<br>Mercedes : 53$<br>Totale: 53$',0),(195,'2017-07-03 07:00:09','2017-07-03 07:00:09','2017-07-03 16:16:46',9,'2017-07-03 07:00:00','Dividendi turno 8','I dividendi per questo turno sono i seguenti.<br>Mercedes : 53$<br>Terronia : 220$<br>UniNa : 45$<br>orariunina.it : 120$<br>Mafia : 34$<br>2EuroAPiacer : 20$<br>Simplesso : 42$<br>Poliedro : 28$<br>Totale: 562$',0),(196,'2017-07-03 07:00:09','2017-07-03 07:26:37',NULL,2,'2017-07-03 07:00:00','Dividendi turno 8','I dividendi per questo turno sono i seguenti.<br>Ferrari : 12$<br>Lamborghini  : 16$<br>Totale: 28$',1),(197,'2017-07-03 07:08:04','2017-07-03 14:19:13','2017-07-03 14:19:43',4,'2017-07-03 07:08:03','Asta SCORO SPA','L\'asta a cui hai partecipato per la societa\' SCORO SPA e\' stata vinta da CrImperatrix per 25$.',1),(198,'2017-07-03 07:08:04','2017-07-03 07:08:26',NULL,3,'2017-07-03 07:08:03','Asta SCORO SPA','L\'asta a cui hai partecipato per la societa\' SCORO SPA e\' stata vinta da CrImperatrix per 25$.',1),(199,'2017-07-03 07:33:37','2017-07-03 07:33:37','2017-07-03 16:16:46',9,'2017-07-03 07:33:23','Asta UniNa','L\'asta a cui hai partecipato per la societa\' UniNa e\' stata vinta da paovalle per 301$.',0),(200,'2017-07-03 07:33:37','2017-07-03 07:37:53',NULL,1,'2017-07-03 07:33:23','Asta UniNa','L\'asta a cui hai partecipato per la societa\' UniNa e\' stata vinta da paovalle per 301$.',1),(201,'2017-07-03 07:33:37','2017-07-03 11:33:19','2017-07-03 16:16:46',9,'2017-07-03 07:33:36','Asta 2EuroAPiacer','L\'asta a cui hai partecipato per la societa\' 2EuroAPiacer e\' stata vinta da vinc per 300$.',1),(202,'2017-07-03 07:33:37','2017-07-03 07:37:44',NULL,1,'2017-07-03 07:33:36','Asta 2EuroAPiacer','L\'asta a cui hai partecipato per la societa\' 2EuroAPiacer e\' stata vinta da vinc per 300$.',1),(203,'2017-07-03 07:33:49','2017-07-03 11:33:16','2017-07-03 16:16:46',9,'2017-07-03 07:33:38','Asta 2EuroAPiacer','L\'asta a cui hai partecipato per la societa\' 2EuroAPiacer e\' stata vinta da Mikrobo per 201$.',1),(204,'2017-07-03 07:33:49','2017-07-03 07:34:00',NULL,11,'2017-07-03 07:33:38','Asta 2EuroAPiacer','L\'asta a cui hai partecipato per la societa\' 2EuroAPiacer e\' stata vinta da Mikrobo per 201$.',1),(205,'2017-07-03 07:33:49','2017-07-03 07:37:48',NULL,1,'2017-07-03 07:33:39','Asta 2EuroAPiacer','L\'asta a cui hai partecipato per la societa\' 2EuroAPiacer e\' stata vinta da vinc per 252$.',1),(206,'2017-07-03 08:42:50','2017-07-03 11:33:13','2017-07-03 16:16:46',9,'2017-07-03 08:42:32','Asta Sacra Corona Unita','L\'asta a cui hai partecipato per la societa\' Sacra Corona Unita e\' stata vinta da paovalle per 90$.',1),(207,'2017-07-03 08:53:29','2017-07-03 11:33:09','2017-07-03 16:16:46',9,'2017-07-03 08:53:27','Asta IeeeAero$pace','L\'asta a cui hai partecipato per la societa\' IeeeAero$pace e\' stata vinta da CrImperatrix per 129$.',1),(208,'2017-07-03 08:53:29','2017-07-03 08:53:34',NULL,3,'2017-07-03 08:53:27','Asta IeeeAero$pace','L\'asta a cui hai partecipato per la societa\' IeeeAero$pace e\' stata vinta da CrImperatrix per 129$.',1),(209,'2017-07-03 08:53:43','2017-07-03 08:54:55',NULL,3,'2017-07-03 08:53:40','Asta Mafia','L\'asta a cui hai partecipato per la societa\' Mafia e\' stata vinta da russanto per 100$.',1),(210,'2017-07-03 08:53:43','2017-07-03 12:58:41',NULL,10,'2017-07-03 08:53:40','Asta Mafia','L\'asta a cui hai partecipato per la societa\' Mafia e\' stata vinta da russanto per 100$.',1),(211,'2017-07-03 10:20:02','2017-07-03 10:20:08',NULL,3,'2017-07-03 10:20:01','Asta Lauraeffe','L\'asta a cui hai partecipato per la societa\' Lauraeffe e\' stata vinta da CrImperatrix per 45$.',1),(212,'2017-07-03 10:20:02','2017-07-03 12:07:27',NULL,7,'2017-07-03 10:20:01','Asta Lauraeffe','L\'asta a cui hai partecipato per la societa\' Lauraeffe e\' stata vinta da CrImperatrix per 45$.',1),(213,'2017-07-03 19:00:01','2017-07-03 19:00:01',NULL,8,'2017-07-03 19:00:00','Dividendi turno 9','I dividendi per questo turno sono i seguenti.<br>Mercedes : 53$<br>Totale: 53$',0),(214,'2017-07-03 19:00:01','2017-07-03 19:53:08',NULL,9,'2017-07-03 19:00:00','Dividendi turno 9','I dividendi per questo turno sono i seguenti.<br>Mercedes : 53$<br>Terronia : 275$<br>UniNa : 76$<br>orariunina.it : 144$<br>Mafia : 37$<br>Sacra Corona Unita : 20$<br>2EuroAPiacer : 12$<br>Simplesso : 52$<br>Poliedro : 40$<br>Totale: 709$',1),(215,'2017-07-03 19:00:01','2017-07-03 19:00:01',NULL,5,'2017-07-03 19:00:00','Dividendi turno 9','I dividendi per questo turno sono i seguenti.<br>Lauraeffe : 14$<br>Totale: 14$',0),(216,'2017-07-03 19:00:01','2017-07-03 19:00:15',NULL,6,'2017-07-03 19:00:00','Dividendi turno 9','I dividendi per questo turno sono i seguenti.<br>SCORO SPA : 228$<br>Apple : 57$<br>Razzi No Profit : 244$<br>Del FRANCO : 216$<br>Spotted Unina : 32$<br>Totale: 777$',1),(217,'2017-07-03 19:00:01','2017-07-03 21:11:30',NULL,10,'2017-07-03 19:00:00','Dividendi turno 9','I dividendi per questo turno sono i seguenti.<br>Apple : 114$<br>TIM : 42$<br>Mafia : 111$<br>Sacra Corona Unita : 40$<br>JhonnyStecchino : 72$<br>AntonioCorps : 18$<br>Totale: 397$',1),(218,'2017-07-03 19:00:01','2017-07-03 19:59:36',NULL,11,'2017-07-03 19:00:00','Dividendi turno 9','I dividendi per questo turno sono i seguenti.<br>Dove : 25$<br>IeeeAntenna$ociety : 136$<br>MazzoccaPeripherals : 54$<br>IeeeAero$pace : 128$<br>2EuroAPiacer : 12$<br>CercaCasa.it byCrisFlam : 34$<br>Totale: 389$',1),(219,'2017-07-03 19:00:01','2017-07-03 19:00:01',NULL,13,'2017-07-03 19:00:00','Dividendi turno 9','I dividendi per questo turno sono i seguenti.<br>Casertavecchia : 76$<br>Pozzovetere : 24$<br>IlTriangoloNo! : 22$<br>RIP : 40$<br>Totale: 162$',0),(220,'2017-07-03 19:00:01','2017-07-03 19:00:10',NULL,3,'2017-07-03 19:00:00','Dividendi turno 9','I dividendi per questo turno sono i seguenti.<br>Rameico : 52$<br>Lauraeffe : 7$<br>SCORO SPA : 57$<br>Dove : 50$<br>IeeeAero$pace : 64$<br>Nivea : 138$<br>Totale: 368$',1),(221,'2017-07-03 19:00:01','2017-07-04 14:49:57',NULL,1,'2017-07-03 19:00:00','Dividendi turno 9','I dividendi per questo turno sono i seguenti.<br>Mercedes : 265$<br>Terronia : 55$<br>UniNa : 114$<br>IeeeAntenna$ociety : 68$<br>orariunina.it : 36$<br>MazzoccaPeripherals : 135$<br>2EuroAPiacer : 60$<br>Totale: 733$',1),(222,'2017-07-03 19:00:01','2017-07-06 06:58:30',NULL,4,'2017-07-03 19:00:00','Dividendi turno 9','I dividendi per questo turno sono i seguenti.<br>RAI : 132$<br>TIM : 84$<br>SKY : 88$<br>ENEL : 92$<br>LA7 : 96$<br>Totale: 492$',1),(223,'2017-07-03 19:00:01','2017-07-04 19:15:31',NULL,2,'2017-07-03 19:00:00','Dividendi turno 9','I dividendi per questo turno sono i seguenti.<br>Ferrari : 26$<br>Lamborghini  : 16$<br>Totale: 42$',1),(224,'2017-07-03 19:00:01','2017-07-03 19:00:01',NULL,7,'2017-07-03 19:00:00','Dividendi turno 9','I dividendi per questo turno sono i seguenti.<br>Ferrari : 91$<br>Chiesa Cattolica : 102$<br>UniNa : 38$<br>Eternit distribution  : 80$<br>Sacra Corona Unita : 20$<br>TheBigWheel Industries   : 124$<br>VincBusters Corp.  : 36$<br>Totale: 491$',0),(225,'2017-07-03 19:06:19','2017-07-03 20:45:24',NULL,10,'2017-07-03 19:06:14','Asta Apple','L\'asta a cui hai partecipato per la societa\' Apple e\' stata vinta da CrImperatrix per 6$.',1),(226,'2017-07-03 19:06:19','2017-07-03 19:36:53','2017-07-03 20:26:43',4,'2017-07-03 19:06:14','Asta Apple','L\'asta a cui hai partecipato per la societa\' Apple e\' stata vinta da CrImperatrix per 6$.',1),(227,'2017-07-03 19:06:19','2017-07-03 19:07:23',NULL,3,'2017-07-03 19:06:14','Asta Apple','L\'asta a cui hai partecipato per la societa\' Apple e\' stata vinta da CrImperatrix per 6$.',1),(228,'2017-07-03 19:06:39','2017-07-03 19:07:26',NULL,3,'2017-07-03 19:06:38','Asta Mafia','L\'asta a cui hai partecipato per la societa\' Mafia e\' stata vinta da CrImperatrix per 31$.',1),(229,'2017-07-03 19:06:39','2017-07-03 20:45:21',NULL,10,'2017-07-03 19:06:38','Asta Mafia','L\'asta a cui hai partecipato per la societa\' Mafia e\' stata vinta da CrImperatrix per 31$.',1),(230,'2017-07-03 19:06:39','2017-07-03 19:06:39',NULL,13,'2017-07-03 19:06:38','Asta Mafia','L\'asta a cui hai partecipato per la societa\' Mafia e\' stata vinta da CrImperatrix per 31$.',0),(231,'2017-07-03 19:09:59','2017-07-03 19:10:05',NULL,3,'2017-07-03 19:09:57','Asta Sacra Corona Unita','L\'asta a cui hai partecipato per la societa\' Sacra Corona Unita e\' stata vinta da CrImperatrix per 1$.',1),(232,'2017-07-03 19:26:24','2017-07-03 19:26:46',NULL,3,'2017-07-03 19:26:23','Asta Rameico','L\'asta a cui hai partecipato per la societa\' Rameico e\' stata vinta da CrImperatrix per 60$.',1),(233,'2017-07-03 19:26:24','2017-07-03 19:36:57','2017-07-03 20:26:43',4,'2017-07-03 19:26:23','Asta Rameico','L\'asta a cui hai partecipato per la societa\' Rameico e\' stata vinta da CrImperatrix per 60$.',1),(234,'2017-07-03 19:27:02','2017-07-03 19:27:06',NULL,3,'2017-07-03 19:26:57','Asta Rameico','L\'asta a cui hai partecipato per la societa\' Rameico e\' stata vinta da CrImperatrix per 1$.',1),(235,'2017-07-03 19:29:23','2017-07-03 19:30:50',NULL,3,'2017-07-03 19:29:20','Asta Lamborghini ','L\'asta a cui hai partecipato per la societa\' Lamborghini  e\' stata vinta da CrImperatrix per 1$.',1),(236,'2017-07-03 19:52:57','2017-07-03 19:53:06',NULL,3,'2017-07-03 19:52:56','Asta Dove','L\'asta a cui hai partecipato per la societa\' Dove e\' stata vinta da Mikrobo per 202$.',1),(237,'2017-07-03 19:52:57','2017-07-03 19:53:02','2017-07-03 20:26:43',4,'2017-07-03 19:52:56','Asta Dove','L\'asta a cui hai partecipato per la societa\' Dove e\' stata vinta da Mikrobo per 202$.',1),(238,'2017-07-03 19:52:57','2017-07-03 19:53:04',NULL,9,'2017-07-03 19:52:56','Asta Dove','L\'asta a cui hai partecipato per la societa\' Dove e\' stata vinta da Mikrobo per 202$.',1),(239,'2017-07-03 19:52:57','2017-07-03 19:53:03',NULL,11,'2017-07-03 19:52:56','Asta Dove','L\'asta a cui hai partecipato per la societa\' Dove e\' stata vinta da Mikrobo per 202$.',1),(240,'2017-07-03 20:10:41','2017-07-03 20:11:11',NULL,3,'2017-07-03 20:10:40','Asta IeeeAntenna$ociety','L\'asta a cui hai partecipato per la societa\' IeeeAntenna$ociety e\' stata vinta da paovalle per 300$.',1),(241,'2017-07-03 20:10:41','2017-07-03 20:26:30','2017-07-03 20:26:43',4,'2017-07-03 20:10:40','Asta IeeeAntenna$ociety','L\'asta a cui hai partecipato per la societa\' IeeeAntenna$ociety e\' stata vinta da paovalle per 300$.',1),(242,'2017-07-03 20:10:41','2017-07-03 20:10:50',NULL,9,'2017-07-03 20:10:40','Asta IeeeAntenna$ociety','L\'asta a cui hai partecipato per la societa\' IeeeAntenna$ociety e\' stata vinta da paovalle per 300$.',1),(243,'2017-07-03 20:10:41','2017-07-03 20:11:04',NULL,11,'2017-07-03 20:10:40','Asta IeeeAntenna$ociety','L\'asta a cui hai partecipato per la societa\' IeeeAntenna$ociety e\' stata vinta da paovalle per 300$.',1),(244,'2017-07-04 02:28:24','2017-07-04 06:30:13','2017-07-04 07:02:34',4,'2017-07-04 02:21:55','Asta RAI','L\'asta a cui hai partecipato per la societa\' RAI e\' stata vinta da russanto per 387$.',1),(245,'2017-07-04 02:28:24','2017-07-04 05:15:14',NULL,3,'2017-07-04 02:21:55','Asta RAI','L\'asta a cui hai partecipato per la societa\' RAI e\' stata vinta da russanto per 387$.',1),(246,'2017-07-04 02:28:24','2017-07-04 19:20:30',NULL,10,'2017-07-04 02:21:55','Asta RAI','L\'asta a cui hai partecipato per la societa\' RAI e\' stata vinta da russanto per 387$.',1),(247,'2017-07-04 02:28:24','2017-07-04 05:23:07',NULL,9,'2017-07-04 02:21:55','Asta RAI','L\'asta a cui hai partecipato per la societa\' RAI e\' stata vinta da russanto per 387$.',1),(248,'2017-07-04 02:28:24','2017-07-04 06:30:33','2017-07-04 07:02:34',4,'2017-07-04 02:25:23','Asta SKY','L\'asta a cui hai partecipato per la societa\' SKY e\' stata vinta da russanto per 81$.',1),(249,'2017-07-04 02:28:24','2017-07-04 19:20:34',NULL,10,'2017-07-04 02:25:23','Asta SKY','L\'asta a cui hai partecipato per la societa\' SKY e\' stata vinta da russanto per 81$.',1),(250,'2017-07-04 02:28:24','2017-07-04 06:30:36','2017-07-04 07:02:34',4,'2017-07-04 02:27:47','Asta LA7','L\'asta a cui hai partecipato per la societa\' LA7 e\' stata vinta da Mikrobo per 288$.',1),(251,'2017-07-04 02:28:24','2017-07-04 19:20:38',NULL,10,'2017-07-04 02:27:47','Asta LA7','L\'asta a cui hai partecipato per la societa\' LA7 e\' stata vinta da Mikrobo per 288$.',1),(252,'2017-07-04 02:28:24','2017-07-04 05:56:56',NULL,11,'2017-07-04 02:27:47','Asta LA7','L\'asta a cui hai partecipato per la societa\' LA7 e\' stata vinta da Mikrobo per 288$.',1),(253,'2017-07-04 05:15:06','2017-07-04 06:30:29','2017-07-04 07:02:34',4,'2017-07-04 05:15:05','Asta Dove','L\'asta a cui hai partecipato per la societa\' Dove e\' stata vinta da CrImperatrix per 100$.',1),(254,'2017-07-04 05:15:06','2017-07-04 19:20:41',NULL,10,'2017-07-04 05:15:05','Asta Dove','L\'asta a cui hai partecipato per la societa\' Dove e\' stata vinta da CrImperatrix per 100$.',1),(255,'2017-07-04 05:15:06','2017-07-04 05:15:27',NULL,3,'2017-07-04 05:15:05','Asta Dove','L\'asta a cui hai partecipato per la societa\' Dove e\' stata vinta da CrImperatrix per 100$.',1),(256,'2017-07-04 05:15:06','2017-07-04 06:30:42','2017-07-04 07:02:34',4,'2017-07-04 05:15:05','Asta Nivea','L\'asta a cui hai partecipato per la societa\' Nivea e\' stata vinta da CrImperatrix per 160$.',1),(257,'2017-07-04 05:15:06','2017-07-04 19:20:44',NULL,10,'2017-07-04 05:15:05','Asta Nivea','L\'asta a cui hai partecipato per la societa\' Nivea e\' stata vinta da CrImperatrix per 160$.',1),(258,'2017-07-04 05:15:06','2017-07-04 05:15:22',NULL,3,'2017-07-04 05:15:05','Asta Nivea','L\'asta a cui hai partecipato per la societa\' Nivea e\' stata vinta da CrImperatrix per 160$.',1),(259,'2017-07-04 07:00:04','2017-07-04 07:04:35',NULL,3,'2017-07-04 07:00:00','Dividendi turno 10','I dividendi per questo turno sono i seguenti.<br>Rameico : 100$<br>Lauraeffe : 13$<br>SCORO SPA : 71$<br>Apple : 54$<br>Dove : 81$<br>Mafia : 47$<br>IeeeAero$pace : 86$<br>Sacra Corona Unita : 30$<br>Nivea : 216$<br>Lamborghini  : 5$<br>Totale: 703$',1),(260,'2017-07-04 07:00:04','2017-07-04 14:50:02',NULL,1,'2017-07-04 07:00:00','Dividendi turno 10','I dividendi per questo turno sono i seguenti.<br>Mercedes : 265$<br>Terronia : 68$<br>UniNa : 114$<br>IeeeAntenna$ociety : 65$<br>orariunina.it : 46$<br>MazzoccaPeripherals : 135$<br>2EuroAPiacer : 60$<br>Totale: 753$',1),(261,'2017-07-04 07:00:04','2017-07-04 07:11:43',NULL,9,'2017-07-04 07:00:00','Dividendi turno 10','I dividendi per questo turno sono i seguenti.<br>Mercedes : 53$<br>Terronia : 340$<br>UniNa : 76$<br>IeeeAntenna$ociety : 65$<br>orariunina.it : 184$<br>Mafia : 47$<br>Sacra Corona Unita : 30$<br>2EuroAPiacer : 12$<br>Simplesso : 70$<br>Poliedro : 64$<br>Nvidia : 30$<br>Totale: 971$',1),(262,'2017-07-04 07:00:04','2017-07-04 21:59:28',NULL,2,'2017-07-04 07:00:00','Dividendi turno 10','I dividendi per questo turno sono i seguenti.<br>Ferrari : 26$<br>Lamborghini  : 10$<br>Totale: 36$',1),(263,'2017-07-04 07:00:04','2017-07-04 08:11:26',NULL,11,'2017-07-04 07:00:00','Dividendi turno 10','I dividendi per questo turno sono i seguenti.<br>Dove : 54$<br>IeeeAntenna$ociety : 130$<br>MazzoccaPeripherals : 54$<br>IeeeAero$pace : 172$<br>2EuroAPiacer : 12$<br>LA7 : 41$<br>CercaCasa.it byCrisFlam : 46$<br>Totale: 509$',1),(264,'2017-07-04 07:00:04','2017-07-04 07:00:04',NULL,8,'2017-07-04 07:00:00','Dividendi turno 10','I dividendi per questo turno sono i seguenti.<br>Mercedes : 53$<br>Totale: 53$',0),(265,'2017-07-04 07:00:04','2017-07-06 06:58:41',NULL,4,'2017-07-04 07:00:00','Dividendi turno 10','I dividendi per questo turno sono i seguenti.<br>RAI : 110$<br>TIM : 120$<br>SKY : 80$<br>ENEL : 136$<br>LA7 : 82$<br>Totale: 528$',1),(266,'2017-07-04 07:00:04','2017-07-04 07:00:04',NULL,10,'2017-07-04 07:00:00','Dividendi turno 10','I dividendi per questo turno sono i seguenti.<br>RAI : 55$<br>Apple : 108$<br>TIM : 60$<br>Mafia : 141$<br>SKY : 40$<br>Sacra Corona Unita : 60$<br>JhonnyStecchino : 88$<br>AntonioCorps : 54$<br>Totale: 606$',0),(267,'2017-07-04 07:00:04','2017-07-04 07:00:04',NULL,7,'2017-07-04 07:00:00','Dividendi turno 10','I dividendi per questo turno sono i seguenti.<br>Ferrari : 91$<br>Chiesa Cattolica : 102$<br>UniNa : 38$<br>Eternit distribution  : 80$<br>Sacra Corona Unita : 30$<br>TheBigWheel Industries   : 124$<br>VincBusters Corp.  : 36$<br>Totale: 501$',0),(268,'2017-07-04 07:00:04','2017-07-04 07:00:04',NULL,5,'2017-07-04 07:00:00','Dividendi turno 10','I dividendi per questo turno sono i seguenti.<br>Lauraeffe : 26$<br>Totale: 26$',0),(269,'2017-07-04 07:00:04','2017-07-04 07:52:28',NULL,6,'2017-07-04 07:00:00','Dividendi turno 10','I dividendi per questo turno sono i seguenti.<br>SCORO SPA : 284$<br>Apple : 54$<br>Razzi No Profit : 304$<br>Del FRANCO : 256$<br>Spotted Unina : 56$<br>Angelino Alfano : 12$<br>Totale: 966$',1),(270,'2017-07-04 07:00:04','2017-07-04 07:00:04',NULL,13,'2017-07-04 07:00:00','Dividendi turno 10','I dividendi per questo turno sono i seguenti.<br>Casertavecchia : 76$<br>Pozzovetere : 24$<br>IlTriangoloNo! : 22$<br>RIP : 40$<br>Totale: 162$',0),(271,'2017-07-04 08:03:03','2017-07-04 08:03:28','2017-07-04 08:04:58',4,'2017-07-04 08:03:02','Asta orariunina.it','L\'asta a cui hai partecipato per la societa\' orariunina.it e\' stata vinta da paovalle per 200$.',1),(272,'2017-07-04 08:03:03','2017-07-04 08:03:03',NULL,10,'2017-07-04 08:03:02','Asta orariunina.it','L\'asta a cui hai partecipato per la societa\' orariunina.it e\' stata vinta da paovalle per 200$.',0),(273,'2017-07-04 08:03:03','2017-07-04 08:03:29',NULL,3,'2017-07-04 08:03:02','Asta orariunina.it','L\'asta a cui hai partecipato per la societa\' orariunina.it e\' stata vinta da paovalle per 200$.',1),(274,'2017-07-04 08:03:03','2017-07-04 08:04:43',NULL,9,'2017-07-04 08:03:02','Asta orariunina.it','L\'asta a cui hai partecipato per la societa\' orariunina.it e\' stata vinta da paovalle per 200$.',1),(275,'2017-07-04 08:03:03','2017-07-04 08:03:23','2017-07-04 08:04:58',4,'2017-07-04 08:03:02','Asta orariunina.it','L\'asta a cui hai partecipato per la societa\' orariunina.it e\' stata vinta da paovalle per 200$.',1),(276,'2017-07-04 08:03:03','2017-07-04 08:03:03',NULL,10,'2017-07-04 08:03:02','Asta orariunina.it','L\'asta a cui hai partecipato per la societa\' orariunina.it e\' stata vinta da paovalle per 200$.',0),(277,'2017-07-04 08:03:03','2017-07-04 08:03:17',NULL,3,'2017-07-04 08:03:02','Asta orariunina.it','L\'asta a cui hai partecipato per la societa\' orariunina.it e\' stata vinta da paovalle per 200$.',1),(278,'2017-07-04 08:03:03','2017-07-04 08:04:40',NULL,9,'2017-07-04 08:03:02','Asta orariunina.it','L\'asta a cui hai partecipato per la societa\' orariunina.it e\' stata vinta da paovalle per 200$.',1),(279,'2017-07-04 08:03:08','2017-07-04 08:03:32','2017-07-04 08:04:58',4,'2017-07-04 08:03:07','Asta Simplesso','L\'asta a cui hai partecipato per la societa\' Simplesso e\' stata vinta da CrImperatrix per 201$.',1),(280,'2017-07-04 08:03:08','2017-07-04 08:03:08',NULL,10,'2017-07-04 08:03:07','Asta Simplesso','L\'asta a cui hai partecipato per la societa\' Simplesso e\' stata vinta da CrImperatrix per 201$.',0),(281,'2017-07-04 08:03:08','2017-07-04 08:03:23',NULL,3,'2017-07-04 08:03:07','Asta Simplesso','L\'asta a cui hai partecipato per la societa\' Simplesso e\' stata vinta da CrImperatrix per 201$.',1),(282,'2017-07-04 08:03:08','2017-07-04 08:04:46',NULL,9,'2017-07-04 08:03:07','Asta Simplesso','L\'asta a cui hai partecipato per la societa\' Simplesso e\' stata vinta da CrImperatrix per 201$.',1),(283,'2017-07-04 08:04:48','2017-07-04 08:04:50','2017-07-04 08:04:58',4,'2017-07-04 08:04:47','Asta orariunina.it','L\'asta a cui hai partecipato per la societa\' orariunina.it e\' stata vinta da paovalle per 202$.',1),(284,'2017-07-04 08:04:48','2017-07-04 19:20:51',NULL,10,'2017-07-04 08:04:47','Asta orariunina.it','L\'asta a cui hai partecipato per la societa\' orariunina.it e\' stata vinta da paovalle per 202$.',1),(285,'2017-07-04 08:04:48','2017-07-04 08:04:58',NULL,3,'2017-07-04 08:04:47','Asta orariunina.it','L\'asta a cui hai partecipato per la societa\' orariunina.it e\' stata vinta da paovalle per 202$.',1),(286,'2017-07-04 08:04:48','2017-07-04 08:05:02',NULL,9,'2017-07-04 08:04:47','Asta orariunina.it','L\'asta a cui hai partecipato per la societa\' orariunina.it e\' stata vinta da paovalle per 202$.',1),(287,'2017-07-04 09:00:58','2017-07-04 09:04:17',NULL,3,'2017-07-04 09:00:54','Asta Apple','L\'asta a cui hai partecipato per la societa\' Apple e\' stata vinta da gae per 102$.',1),(288,'2017-07-04 09:00:58','2017-07-04 09:01:04','2017-07-04 09:01:10',4,'2017-07-04 09:00:54','Asta Apple','L\'asta a cui hai partecipato per la societa\' Apple e\' stata vinta da gae per 102$.',1),(289,'2017-07-04 09:00:58','2017-07-04 09:03:28',NULL,9,'2017-07-04 09:00:54','Asta Apple','L\'asta a cui hai partecipato per la societa\' Apple e\' stata vinta da gae per 102$.',1),(290,'2017-07-04 09:12:07','2017-07-04 09:12:49',NULL,3,'2017-07-04 09:12:04','Asta Sacra Corona Unita','L\'asta a cui hai partecipato per la societa\' Sacra Corona Unita e\' stata vinta da gae per 2$.',1),(291,'2017-07-04 09:12:07','2017-07-04 09:12:12','2017-07-04 09:16:10',4,'2017-07-04 09:12:04','Asta Sacra Corona Unita','L\'asta a cui hai partecipato per la societa\' Sacra Corona Unita e\' stata vinta da gae per 2$.',1),(292,'2017-07-04 09:16:01','2017-07-04 09:16:04','2017-07-04 09:16:10',4,'2017-07-04 09:15:57','Asta Mafia','L\'asta a cui hai partecipato per la societa\' Mafia e\' stata vinta da gae per 51$.',1),(293,'2017-07-04 09:16:01','2017-07-04 20:44:35',NULL,11,'2017-07-04 09:15:57','Asta Mafia','L\'asta a cui hai partecipato per la societa\' Mafia e\' stata vinta da gae per 51$.',1),(294,'2017-07-04 19:00:01','2017-07-04 19:15:44',NULL,3,'2017-07-04 19:00:00','Dividendi turno 11','I dividendi per questo turno sono i seguenti.<br>Rameico : 132$<br>Lauraeffe : 13$<br>SCORO SPA : 84$<br>Apple : 56$<br>Dove : 117$<br>Mafia : 39$<br>IeeeAero$pace : 110$<br>Sacra Corona Unita : 25$<br>Nivea : 268$<br>Simplesso : 41$<br>Lamborghini  : 5$<br>Totale: 890$',1),(295,'2017-07-04 19:00:01','2017-07-04 23:47:08',NULL,1,'2017-07-04 19:00:00','Dividendi turno 11','I dividendi per questo turno sono i seguenti.<br>Mercedes : 325$<br>Terronia : 82$<br>UniNa : 147$<br>IeeeAntenna$ociety : 70$<br>orariunina.it : 47$<br>MazzoccaPeripherals : 190$<br>2EuroAPiacer : 110$<br>Impero : 10$<br>Totale: 981$',1),(296,'2017-07-04 19:00:01','2017-07-04 19:00:01',NULL,8,'2017-07-04 19:00:00','Dividendi turno 11','I dividendi per questo turno sono i seguenti.<br>Mercedes : 65$<br>Totale: 65$',0),(297,'2017-07-04 19:00:01','2017-07-06 06:59:07',NULL,4,'2017-07-04 19:00:00','Dividendi turno 11','I dividendi per questo turno sono i seguenti.<br>RAI : 168$<br>Apple : 56$<br>TIM : 150$<br>Mafia : 39$<br>SKY : 100$<br>Sacra Corona Unita : 25$<br>ENEL : 190$<br>LA7 : 132$<br>Totale: 860$',1),(298,'2017-07-04 19:00:01','2017-07-04 19:20:46',NULL,10,'2017-07-04 19:00:00','Dividendi turno 11','I dividendi per questo turno sono i seguenti.<br>RAI : 84$<br>Apple : 112$<br>TIM : 75$<br>Mafia : 117$<br>SKY : 50$<br>Sacra Corona Unita : 50$<br>JhonnyStecchino : 88$<br>AntonioCorps : 54$<br>Totale: 630$',1),(299,'2017-07-04 19:00:01','2017-07-04 19:00:01',NULL,13,'2017-07-04 19:00:00','Dividendi turno 11','I dividendi per questo turno sono i seguenti.<br>Casertavecchia : 76$<br>Pozzovetere : 24$<br>IlTriangoloNo! : 22$<br>RIP : 40$<br>Totale: 162$',0),(300,'2017-07-04 19:00:01','2017-07-04 19:22:52',NULL,9,'2017-07-04 19:00:00','Dividendi turno 11','I dividendi per questo turno sono i seguenti.<br>Mercedes : 65$<br>Terronia : 410$<br>UniNa : 98$<br>IeeeAntenna$ociety : 70$<br>orariunina.it : 282$<br>Mafia : 39$<br>Sacra Corona Unita : 25$<br>2EuroAPiacer : 22$<br>Simplesso : 82$<br>Poliedro : 86$<br>Nvidia : 66$<br>Totale: 1245$',1),(301,'2017-07-04 19:00:01','2017-07-04 19:15:35',NULL,2,'2017-07-04 19:00:00','Dividendi turno 11','I dividendi per questo turno sono i seguenti.<br>Ferrari : 42$<br>Lamborghini  : 10$<br>Totale: 52$',1),(302,'2017-07-04 19:00:01','2017-07-04 19:00:01',NULL,7,'2017-07-04 19:00:00','Dividendi turno 11','I dividendi per questo turno sono i seguenti.<br>Ferrari : 147$<br>Chiesa Cattolica : 148$<br>UniNa : 49$<br>Eternit distribution  : 88$<br>Sacra Corona Unita : 25$<br>TheBigWheel Industries   : 150$<br>VincBusters Corp.  : 62$<br>Totale: 669$',0),(303,'2017-07-04 19:00:01','2017-07-04 19:00:01',NULL,5,'2017-07-04 19:00:00','Dividendi turno 11','I dividendi per questo turno sono i seguenti.<br>Lauraeffe : 26$<br>Totale: 26$',0),(304,'2017-07-04 19:00:01','2017-07-04 20:28:04',NULL,6,'2017-07-04 19:00:00','Dividendi turno 11','I dividendi per questo turno sono i seguenti.<br>SCORO SPA : 336$<br>Apple : 56$<br>Razzi No Profit : 364$<br>Del FRANCO : 280$<br>Spotted Unina : 98$<br>Angelino Alfano : 34$<br>Goldman Sachs : 10$<br>Totale: 1178$',1),(305,'2017-07-04 19:00:01','2017-07-04 20:44:39',NULL,11,'2017-07-04 19:00:00','Dividendi turno 11','I dividendi per questo turno sono i seguenti.<br>Dove : 78$<br>IeeeAntenna$ociety : 140$<br>MazzoccaPeripherals : 76$<br>IeeeAero$pace : 220$<br>2EuroAPiacer : 22$<br>LA7 : 66$<br>CercaCasa.it byCrisFlam : 58$<br>uff : 18$<br>Totale: 678$',1),(306,'2017-07-04 19:29:45','2017-07-04 19:30:35','2017-07-04 19:30:40',4,'2017-07-04 19:29:34','Asta TIM','L\'asta a cui hai partecipato per la societa\' TIM e\' stata vinta da gae per 150$.',1),(307,'2017-07-04 19:29:45','2017-07-04 19:30:08',NULL,3,'2017-07-04 19:29:34','Asta TIM','L\'asta a cui hai partecipato per la societa\' TIM e\' stata vinta da gae per 150$.',1),(308,'2017-07-04 23:46:51','2017-07-05 04:36:02','2017-07-05 04:36:23',4,'2017-07-04 23:46:50','Asta VincBusters Corp. ','L\'asta a cui hai partecipato per la societa\' VincBusters Corp.  e\' stata vinta da AntonioRazzi per 100$.',1),(309,'2017-07-04 23:46:51','2017-07-05 08:39:50',NULL,2,'2017-07-04 23:46:50','Asta VincBusters Corp. ','L\'asta a cui hai partecipato per la societa\' VincBusters Corp.  e\' stata vinta da AntonioRazzi per 100$.',1),(310,'2017-07-04 23:46:51','2017-07-04 23:46:51',NULL,7,'2017-07-04 23:46:50','Asta VincBusters Corp. ','L\'asta a cui hai partecipato per la societa\' VincBusters Corp.  e\' stata vinta da AntonioRazzi per 100$.',0),(311,'2017-07-04 23:46:51','2017-07-05 06:34:37',NULL,9,'2017-07-04 23:46:50','Asta VincBusters Corp. ','L\'asta a cui hai partecipato per la societa\' VincBusters Corp.  e\' stata vinta da AntonioRazzi per 100$.',1),(312,'2017-07-04 23:46:51','2017-07-04 23:48:27',NULL,11,'2017-07-04 23:46:50','Asta VincBusters Corp. ','L\'asta a cui hai partecipato per la societa\' VincBusters Corp.  e\' stata vinta da AntonioRazzi per 100$.',1),(313,'2017-07-04 23:46:51','2017-07-04 23:47:19',NULL,1,'2017-07-04 23:46:50','Asta VincBusters Corp. ','L\'asta a cui hai partecipato per la societa\' VincBusters Corp.  e\' stata vinta da AntonioRazzi per 100$.',1),(314,'2017-07-04 23:46:53','2017-07-05 08:39:59',NULL,2,'2017-07-04 23:46:52','Asta VincBusters Corp. ','L\'asta a cui hai partecipato per la societa\' VincBusters Corp.  e\' stata vinta da AntonioRazzi per 100$.',1),(315,'2017-07-04 23:46:53','2017-07-05 04:36:08','2017-07-05 04:36:23',4,'2017-07-04 23:46:52','Asta VincBusters Corp. ','L\'asta a cui hai partecipato per la societa\' VincBusters Corp.  e\' stata vinta da AntonioRazzi per 100$.',1),(316,'2017-07-04 23:46:53','2017-07-04 23:46:53',NULL,7,'2017-07-04 23:46:52','Asta VincBusters Corp. ','L\'asta a cui hai partecipato per la societa\' VincBusters Corp.  e\' stata vinta da AntonioRazzi per 100$.',0),(317,'2017-07-04 23:46:53','2017-07-05 06:34:41',NULL,9,'2017-07-04 23:46:52','Asta VincBusters Corp. ','L\'asta a cui hai partecipato per la societa\' VincBusters Corp.  e\' stata vinta da AntonioRazzi per 100$.',1),(318,'2017-07-04 23:46:53','2017-07-04 23:48:29',NULL,11,'2017-07-04 23:46:52','Asta VincBusters Corp. ','L\'asta a cui hai partecipato per la societa\' VincBusters Corp.  e\' stata vinta da AntonioRazzi per 100$.',1),(319,'2017-07-04 23:46:53','2017-07-04 23:47:12',NULL,1,'2017-07-04 23:46:52','Asta VincBusters Corp. ','L\'asta a cui hai partecipato per la societa\' VincBusters Corp.  e\' stata vinta da AntonioRazzi per 100$.',1),(320,'2017-07-05 05:14:48','2017-07-05 05:25:42',NULL,3,'2017-07-05 05:14:47','Asta Nivea','L\'asta a cui hai partecipato per la societa\' Nivea e\' stata vinta da CrImperatrix per 201$.',1),(321,'2017-07-05 05:14:48','2017-07-05 05:16:50','2017-07-05 05:26:18',4,'2017-07-05 05:14:47','Asta Nivea','L\'asta a cui hai partecipato per la societa\' Nivea e\' stata vinta da CrImperatrix per 201$.',1),(322,'2017-07-05 05:14:48','2017-07-05 05:14:48',NULL,10,'2017-07-05 05:14:47','Asta Nivea','L\'asta a cui hai partecipato per la societa\' Nivea e\' stata vinta da CrImperatrix per 201$.',0),(323,'2017-07-05 05:14:48','2017-07-05 05:31:04',NULL,11,'2017-07-05 05:14:47','Asta Nivea','L\'asta a cui hai partecipato per la societa\' Nivea e\' stata vinta da CrImperatrix per 201$.',1),(324,'2017-07-05 05:14:48','2017-07-05 05:15:25',NULL,1,'2017-07-05 05:14:47','Asta Nivea','L\'asta a cui hai partecipato per la societa\' Nivea e\' stata vinta da CrImperatrix per 201$.',1),(325,'2017-07-05 05:14:48','2017-07-05 05:14:48',NULL,7,'2017-07-05 05:14:47','Asta Nivea','L\'asta a cui hai partecipato per la societa\' Nivea e\' stata vinta da CrImperatrix per 201$.',0),(326,'2017-07-05 05:15:02','2017-07-05 05:25:48',NULL,3,'2017-07-05 05:15:00','Asta Rameico','L\'asta a cui hai partecipato per la societa\' Rameico e\' stata vinta da CrImperatrix per 100$.',1),(327,'2017-07-05 05:15:02','2017-07-05 05:16:56','2017-07-05 05:26:18',4,'2017-07-05 05:15:00','Asta Rameico','L\'asta a cui hai partecipato per la societa\' Rameico e\' stata vinta da CrImperatrix per 100$.',1),(328,'2017-07-05 05:15:02','2017-07-05 08:40:04',NULL,2,'2017-07-05 05:15:00','Asta Rameico','L\'asta a cui hai partecipato per la societa\' Rameico e\' stata vinta da CrImperatrix per 100$.',1),(329,'2017-07-05 05:15:02','2017-07-05 05:18:52',NULL,1,'2017-07-05 05:15:00','Asta Rameico','L\'asta a cui hai partecipato per la societa\' Rameico e\' stata vinta da CrImperatrix per 100$.',1),(330,'2017-07-05 05:15:02','2017-07-05 05:15:02',NULL,7,'2017-07-05 05:15:00','Asta Rameico','L\'asta a cui hai partecipato per la societa\' Rameico e\' stata vinta da CrImperatrix per 100$.',0),(331,'2017-07-05 05:16:09','2017-07-05 05:25:58',NULL,3,'2017-07-05 05:16:05','Asta Rameico','L\'asta a cui hai partecipato per la societa\' Rameico e\' stata vinta da CrImperatrix per 100$.',1),(332,'2017-07-05 05:16:09','2017-07-05 05:19:53','2017-07-05 05:26:18',4,'2017-07-05 05:16:05','Asta Rameico','L\'asta a cui hai partecipato per la societa\' Rameico e\' stata vinta da CrImperatrix per 100$.',1),(333,'2017-07-05 05:16:09','2017-07-05 08:40:07',NULL,2,'2017-07-05 05:16:05','Asta Rameico','L\'asta a cui hai partecipato per la societa\' Rameico e\' stata vinta da CrImperatrix per 100$.',1),(334,'2017-07-05 05:16:09','2017-07-05 05:25:25',NULL,1,'2017-07-05 05:16:05','Asta Rameico','L\'asta a cui hai partecipato per la societa\' Rameico e\' stata vinta da CrImperatrix per 100$.',1),(335,'2017-07-05 05:16:09','2017-07-05 05:31:01',NULL,11,'2017-07-05 05:16:05','Asta Rameico','L\'asta a cui hai partecipato per la societa\' Rameico e\' stata vinta da CrImperatrix per 100$.',1),(336,'2017-07-05 05:16:09','2017-07-05 05:16:09',NULL,7,'2017-07-05 05:16:05','Asta Rameico','L\'asta a cui hai partecipato per la societa\' Rameico e\' stata vinta da CrImperatrix per 100$.',0),(337,'2017-07-05 05:25:30','2017-07-05 05:26:03',NULL,3,'2017-07-05 05:25:29','Asta Nivea','L\'asta a cui hai partecipato per la societa\' Nivea e\' stata vinta da CrImperatrix per 149$.',1),(338,'2017-07-05 05:25:30','2017-07-05 05:26:03','2017-07-05 05:26:18',4,'2017-07-05 05:25:29','Asta Nivea','L\'asta a cui hai partecipato per la societa\' Nivea e\' stata vinta da CrImperatrix per 149$.',1),(339,'2017-07-05 05:25:30','2017-07-05 05:25:30',NULL,10,'2017-07-05 05:25:29','Asta Nivea','L\'asta a cui hai partecipato per la societa\' Nivea e\' stata vinta da CrImperatrix per 149$.',0),(340,'2017-07-05 05:25:30','2017-07-05 05:30:57',NULL,11,'2017-07-05 05:25:29','Asta Nivea','L\'asta a cui hai partecipato per la societa\' Nivea e\' stata vinta da CrImperatrix per 149$.',1),(341,'2017-07-05 05:25:30','2017-07-05 05:29:18',NULL,1,'2017-07-05 05:25:29','Asta Nivea','L\'asta a cui hai partecipato per la societa\' Nivea e\' stata vinta da CrImperatrix per 149$.',1),(342,'2017-07-05 05:25:35','2017-07-05 05:26:08',NULL,3,'2017-07-05 05:25:34','Asta Dove','L\'asta a cui hai partecipato per la societa\' Dove e\' stata vinta da CrImperatrix per 119$.',1),(343,'2017-07-05 05:25:35','2017-07-05 05:26:05','2017-07-05 05:26:18',4,'2017-07-05 05:25:34','Asta Dove','L\'asta a cui hai partecipato per la societa\' Dove e\' stata vinta da CrImperatrix per 119$.',1),(344,'2017-07-05 05:25:35','2017-07-05 05:29:26',NULL,1,'2017-07-05 05:25:34','Asta Dove','L\'asta a cui hai partecipato per la societa\' Dove e\' stata vinta da CrImperatrix per 119$.',1),(345,'2017-07-05 07:00:21','2017-07-05 07:00:38',NULL,3,'2017-07-05 07:00:00','Dividendi turno 12','I dividendi per questo turno sono i seguenti.<br>Rameico : 168$<br>Lauraeffe : 13$<br>SCORO SPA : 95$<br>Apple : 71$<br>Dove : 168$<br>Mafia : 62$<br>IeeeAero$pace : 132$<br>Sacra Corona Unita : 39$<br>Nivea : 324$<br>Simplesso : 68$<br>Lamborghini  : 14$<br>Totale: 1154$',1),(346,'2017-07-05 07:00:21','2017-07-05 07:00:21',NULL,8,'2017-07-05 07:00:00','Dividendi turno 12','I dividendi per questo turno sono i seguenti.<br>Mercedes : 84$<br>Totale: 84$',0),(347,'2017-07-05 07:00:21','2017-07-06 06:59:18',NULL,4,'2017-07-05 07:00:00','Dividendi turno 12','I dividendi per questo turno sono i seguenti.<br>RAI : 216$<br>Apple : 71$<br>TIM : 228$<br>Mafia : 62$<br>SKY : 130$<br>Sacra Corona Unita : 39$<br>ENEL : 276$<br>LA7 : 170$<br>Totale: 1192$',1),(348,'2017-07-05 07:00:21','2017-07-05 07:00:21',NULL,10,'2017-07-05 07:00:00','Dividendi turno 12','I dividendi per questo turno sono i seguenti.<br>RAI : 108$<br>Apple : 142$<br>TIM : 76$<br>Mafia : 186$<br>SKY : 65$<br>Sacra Corona Unita : 78$<br>JhonnyStecchino : 166$<br>AntonioCorps : 88$<br>Totale: 909$',0),(349,'2017-07-05 07:00:21','2017-07-05 07:29:43',NULL,6,'2017-07-05 07:00:00','Dividendi turno 12','I dividendi per questo turno sono i seguenti.<br>SCORO SPA : 380$<br>Apple : 71$<br>Razzi No Profit : 440$<br>Del FRANCO : 332$<br>Spotted Unina : 138$<br>Angelino Alfano : 82$<br>Goldman Sachs : 42$<br>Totale: 1485$',1),(350,'2017-07-05 07:00:21','2017-07-05 07:00:21',NULL,13,'2017-07-05 07:00:00','Dividendi turno 12','I dividendi per questo turno sono i seguenti.<br>Casertavecchia : 102$<br>Pozzovetere : 24$<br>IlTriangoloNo! : 32$<br>RIP : 40$<br>Totale: 198$',0),(351,'2017-07-05 07:00:21','2017-07-05 07:23:34',NULL,1,'2017-07-05 07:00:00','Dividendi turno 12','I dividendi per questo turno sono i seguenti.<br>Mercedes : 420$<br>Terronia : 99$<br>UniNa : 204$<br>IeeeAntenna$ociety : 80$<br>orariunina.it : 61$<br>MazzoccaPeripherals : 265$<br>2EuroAPiacer : 165$<br>Impero : 42$<br>Totale: 1336$',1),(352,'2017-07-05 07:00:21','2017-07-05 07:23:47',NULL,9,'2017-07-05 07:00:00','Dividendi turno 12','I dividendi per questo turno sono i seguenti.<br>Mercedes : 84$<br>Terronia : 495$<br>UniNa : 136$<br>IeeeAntenna$ociety : 80$<br>orariunina.it : 366$<br>Mafia : 62$<br>Sacra Corona Unita : 39$<br>2EuroAPiacer : 33$<br>Simplesso : 136$<br>Poliedro : 110$<br>Nvidia : 88$<br>Totale: 1629$',1),(353,'2017-07-05 07:00:21','2017-07-05 08:40:10',NULL,2,'2017-07-05 07:00:00','Dividendi turno 12','I dividendi per questo turno sono i seguenti.<br>Ferrari : 60$<br>Lamborghini  : 28$<br>Totale: 88$',1),(354,'2017-07-05 07:00:21','2017-07-05 07:00:21',NULL,7,'2017-07-05 07:00:00','Dividendi turno 12','I dividendi per questo turno sono i seguenti.<br>Ferrari : 210$<br>Chiesa Cattolica : 164$<br>UniNa : 68$<br>Eternit distribution  : 88$<br>Sacra Corona Unita : 39$<br>TheBigWheel Industries   : 250$<br>VincBusters Corp.  : 112$<br>Totale: 931$',0),(355,'2017-07-05 07:00:21','2017-07-05 07:00:21',NULL,5,'2017-07-05 07:00:00','Dividendi turno 12','I dividendi per questo turno sono i seguenti.<br>Lauraeffe : 26$<br>Totale: 26$',0),(356,'2017-07-05 07:00:21','2017-07-05 07:26:41',NULL,11,'2017-07-05 07:00:00','Dividendi turno 12','I dividendi per questo turno sono i seguenti.<br>Dove : 84$<br>IeeeAntenna$ociety : 160$<br>MazzoccaPeripherals : 106$<br>IeeeAero$pace : 264$<br>2EuroAPiacer : 33$<br>LA7 : 85$<br>CercaCasa.it byCrisFlam : 94$<br>uff : 44$<br>Totale: 870$',1),(357,'2017-07-05 08:47:04','2017-07-05 08:53:21','2017-07-05 08:53:36',4,'2017-07-05 08:45:54','Asta IeeeAntenna$ociety','L\'asta a cui hai partecipato per la societa\' IeeeAntenna$ociety e\' stata vinta da Mikrobo per 91$.',1),(358,'2017-07-05 08:47:04','2017-07-05 08:47:32',NULL,11,'2017-07-05 08:45:54','Asta IeeeAntenna$ociety','L\'asta a cui hai partecipato per la societa\' IeeeAntenna$ociety e\' stata vinta da Mikrobo per 91$.',1),(359,'2017-07-05 08:47:04','2017-07-05 08:53:29','2017-07-05 08:53:36',4,'2017-07-05 08:45:57','Asta IeeeAntenna$ociety','L\'asta a cui hai partecipato per la societa\' IeeeAntenna$ociety e\' stata vinta da Mikrobo per 91$.',1),(360,'2017-07-05 08:47:04','2017-07-05 08:47:24',NULL,11,'2017-07-05 08:45:57','Asta IeeeAntenna$ociety','L\'asta a cui hai partecipato per la societa\' IeeeAntenna$ociety e\' stata vinta da Mikrobo per 91$.',1),(361,'2017-07-05 08:47:04','2017-07-05 08:53:16','2017-07-05 08:53:36',4,'2017-07-05 08:45:54','Asta IeeeAntenna$ociety','L\'asta a cui hai partecipato per la societa\' IeeeAntenna$ociety e\' stata vinta da Mikrobo per 91$.',1),(362,'2017-07-05 08:47:04','2017-07-05 08:47:30',NULL,11,'2017-07-05 08:45:54','Asta IeeeAntenna$ociety','L\'asta a cui hai partecipato per la societa\' IeeeAntenna$ociety e\' stata vinta da Mikrobo per 91$.',1),(363,'2017-07-05 08:47:04','2017-07-05 08:53:26','2017-07-05 08:53:36',4,'2017-07-05 08:45:57','Asta IeeeAntenna$ociety','L\'asta a cui hai partecipato per la societa\' IeeeAntenna$ociety e\' stata vinta da Mikrobo per 91$.',1),(364,'2017-07-05 08:47:04','2017-07-05 08:47:27',NULL,11,'2017-07-05 08:45:57','Asta IeeeAntenna$ociety','L\'asta a cui hai partecipato per la societa\' IeeeAntenna$ociety e\' stata vinta da Mikrobo per 91$.',1),(365,'2017-07-05 19:01:13','2017-07-05 19:52:16',NULL,9,'2017-07-05 19:00:00','Dividendi turno 13','I dividendi per questo turno sono i seguenti.<br>Mercedes : 92$<br>Terronia : 550$<br>UniNa : 158$<br>IeeeAntenna$ociety : 63$<br>orariunina.it : 444$<br>Mafia : 81$<br>Sacra Corona Unita : 50$<br>2EuroAPiacer : 42$<br>Simplesso : 162$<br>Poliedro : 140$<br>Nvidia : 130$<br>Totale: 1912$',1),(366,'2017-07-05 19:01:13','2017-07-05 19:01:13',NULL,10,'2017-07-05 19:00:00','Dividendi turno 13','I dividendi per questo turno sono i seguenti.<br>RAI : 131$<br>Apple : 168$<br>TIM : 92$<br>Mafia : 243$<br>SKY : 85$<br>Sacra Corona Unita : 100$<br>JhonnyStecchino : 166$<br>AntonioCorps : 88$<br>Totale: 1073$',0),(367,'2017-07-05 19:01:13','2017-07-05 20:03:24',NULL,2,'2017-07-05 19:00:00','Dividendi turno 13','I dividendi per questo turno sono i seguenti.<br>Ferrari : 60$<br>Lamborghini  : 32$<br>Totale: 92$',1),(368,'2017-07-05 19:01:13','2017-07-05 19:01:13',NULL,7,'2017-07-05 19:00:00','Dividendi turno 13','I dividendi per questo turno sono i seguenti.<br>Ferrari : 210$<br>Chiesa Cattolica : 164$<br>UniNa : 79$<br>Eternit distribution  : 88$<br>Sacra Corona Unita : 50$<br>TheBigWheel Industries   : 250$<br>VincBusters Corp.  : 112$<br>Totale: 953$',0),(369,'2017-07-05 19:01:13','2017-07-05 20:02:27',NULL,6,'2017-07-05 19:00:00','Dividendi turno 13','I dividendi per questo turno sono i seguenti.<br>SCORO SPA : 428$<br>Apple : 84$<br>Razzi No Profit : 496$<br>Del FRANCO : 392$<br>Spotted Unina : 172$<br>Angelino Alfano : 116$<br>Goldman Sachs : 76$<br>Totale: 1764$',1),(370,'2017-07-05 19:01:13','2017-07-05 19:30:22',NULL,11,'2017-07-05 19:00:00','Dividendi turno 13','I dividendi per questo turno sono i seguenti.<br>Dove : 106$<br>IeeeAntenna$ociety : 252$<br>MazzoccaPeripherals : 124$<br>IeeeAero$pace : 312$<br>2EuroAPiacer : 42$<br>LA7 : 97$<br>CercaCasa.it byCrisFlam : 124$<br>uff : 76$<br>Totale: 1133$',1),(371,'2017-07-05 19:01:13','2017-07-05 19:01:13',NULL,13,'2017-07-05 19:00:00','Dividendi turno 13','I dividendi per questo turno sono i seguenti.<br>Casertavecchia : 102$<br>Pozzovetere : 24$<br>IlTriangoloNo! : 32$<br>RIP : 40$<br>Totale: 198$',0),(372,'2017-07-05 19:01:13','2017-07-05 19:06:13',NULL,3,'2017-07-05 19:00:00','Dividendi turno 13','I dividendi per questo turno sono i seguenti.<br>Rameico : 246$<br>Lauraeffe : 13$<br>SCORO SPA : 107$<br>Apple : 84$<br>Dove : 212$<br>Mafia : 81$<br>IeeeAero$pace : 156$<br>Sacra Corona Unita : 50$<br>Nivea : 402$<br>Simplesso : 81$<br>Lamborghini  : 16$<br>Totale: 1448$',1),(373,'2017-07-05 19:01:13','2017-07-05 19:01:17',NULL,1,'2017-07-05 19:00:00','Dividendi turno 13','I dividendi per questo turno sono i seguenti.<br>Mercedes : 460$<br>Terronia : 110$<br>UniNa : 237$<br>IeeeAntenna$ociety : 63$<br>orariunina.it : 74$<br>MazzoccaPeripherals : 310$<br>2EuroAPiacer : 210$<br>Impero : 76$<br>Totale: 1540$',1),(374,'2017-07-05 19:01:13','2017-07-05 19:01:13',NULL,8,'2017-07-05 19:00:00','Dividendi turno 13','I dividendi per questo turno sono i seguenti.<br>Mercedes : 92$<br>Totale: 92$',0),(375,'2017-07-05 19:01:13','2017-07-06 07:00:33',NULL,4,'2017-07-05 19:00:00','Dividendi turno 13','I dividendi per questo turno sono i seguenti.<br>RAI : 262$<br>Apple : 84$<br>TIM : 276$<br>Mafia : 81$<br>SKY : 170$<br>Sacra Corona Unita : 50$<br>ENEL : 364$<br>LA7 : 194$<br>Totale: 1481$',1),(376,'2017-07-05 19:01:13','2017-07-05 19:01:13',NULL,5,'2017-07-05 19:00:00','Dividendi turno 13','I dividendi per questo turno sono i seguenti.<br>Lauraeffe : 26$<br>Totale: 26$',0),(377,'2017-07-05 20:39:49','2017-07-05 21:10:38','2017-07-05 21:10:42',4,'2017-07-05 20:39:44','Asta Lamborghini ','L\'asta a cui hai partecipato per la societa\' Lamborghini  e\' stata vinta da Wallstreet$$ per 5$.',1),(378,'2017-07-05 20:39:49','2017-07-05 20:40:39',NULL,3,'2017-07-05 20:39:44','Asta Lamborghini ','L\'asta a cui hai partecipato per la societa\' Lamborghini  e\' stata vinta da Wallstreet$$ per 5$.',1),(379,'2017-07-05 20:39:49','2017-07-05 21:14:08',NULL,2,'2017-07-05 20:39:44','Asta Lamborghini ','L\'asta a cui hai partecipato per la societa\' Lamborghini  e\' stata vinta da Wallstreet$$ per 5$.',1),(380,'2017-07-05 20:39:50','2017-07-05 21:10:34','2017-07-05 21:10:42',4,'2017-07-05 20:39:44','Asta Lamborghini ','L\'asta a cui hai partecipato per la societa\' Lamborghini  e\' stata vinta da Wallstreet$$ per 5$.',1),(381,'2017-07-05 20:39:50','2017-07-05 20:40:12',NULL,3,'2017-07-05 20:39:44','Asta Lamborghini ','L\'asta a cui hai partecipato per la societa\' Lamborghini  e\' stata vinta da Wallstreet$$ per 5$.',1),(382,'2017-07-05 20:39:50','2017-07-05 21:14:04',NULL,2,'2017-07-05 20:39:44','Asta Lamborghini ','L\'asta a cui hai partecipato per la societa\' Lamborghini  e\' stata vinta da Wallstreet$$ per 5$.',1),(383,'2017-07-06 07:00:16','2017-07-06 07:00:16',NULL,7,'2017-07-06 07:00:00','Dividendi turno 14','I dividendi per questo turno sono i seguenti.<br>Ferrari : 238$<br>Chiesa Cattolica : 182$<br>UniNa : 86$<br>Eternit distribution  : 176$<br>Sacra Corona Unita : 63$<br>TheBigWheel Industries   : 250$<br>VincBusters Corp.  : 152$<br>KTM : 18$<br>Totale: 1165$',0),(384,'2017-07-06 07:00:16','2017-07-06 07:27:49',NULL,6,'2017-07-06 07:00:00','Dividendi turno 14','I dividendi per questo turno sono i seguenti.<br>SCORO SPA : 480$<br>Apple : 99$<br>Razzi No Profit : 536$<br>Del FRANCO : 432$<br>Spotted Unina : 220$<br>Angelino Alfano : 148$<br>Goldman Sachs : 108$<br>Totale: 2023$',1),(385,'2017-07-06 07:00:16','2017-07-06 07:11:45',NULL,11,'2017-07-06 07:00:00','Dividendi turno 14','I dividendi per questo turno sono i seguenti.<br>Dove : 120$<br>IeeeAntenna$ociety : 312$<br>MazzoccaPeripherals : 142$<br>IeeeAero$pace : 356$<br>2EuroAPiacer : 51$<br>LA7 : 150$<br>CercaCasa.it byCrisFlam : 164$<br>uff : 92$<br>Totale: 1387$',1),(386,'2017-07-06 07:00:16','2017-07-06 07:00:16',NULL,13,'2017-07-06 07:00:00','Dividendi turno 14','I dividendi per questo turno sono i seguenti.<br>Casertavecchia : 102$<br>Pozzovetere : 24$<br>IlTriangoloNo! : 32$<br>RIP : 40$<br>Totale: 198$',0),(387,'2017-07-06 07:00:16','2017-07-06 07:01:33',NULL,3,'2017-07-06 07:00:00','Dividendi turno 14','I dividendi per questo turno sono i seguenti.<br>Rameico : 294$<br>Lauraeffe : 13$<br>SCORO SPA : 120$<br>Apple : 99$<br>Dove : 240$<br>Mafia : 98$<br>IeeeAero$pace : 178$<br>Sacra Corona Unita : 63$<br>Nivea : 468$<br>Simplesso : 102$<br>Lamborghini  : 16$<br>Totale: 1691$',1),(388,'2017-07-06 07:00:16','2017-07-06 07:57:57',NULL,1,'2017-07-06 07:00:00','Dividendi turno 14','I dividendi per questo turno sono i seguenti.<br>Mercedes : 495$<br>Terronia : 121$<br>UniNa : 258$<br>IeeeAntenna$ociety : 78$<br>orariunina.it : 95$<br>MazzoccaPeripherals : 355$<br>2EuroAPiacer : 255$<br>Impero : 108$<br>Totale: 1765$',1),(389,'2017-07-06 07:00:16','2017-07-06 07:00:36',NULL,4,'2017-07-06 07:00:00','Dividendi turno 14','I dividendi per questo turno sono i seguenti.<br>RAI : 336$<br>Apple : 99$<br>TIM : 312$<br>Mafia : 98$<br>SKY : 224$<br>Sacra Corona Unita : 63$<br>ENEL : 414$<br>LA7 : 300$<br>Totale: 1846$',1),(390,'2017-07-06 07:00:16','2017-07-06 07:00:16',NULL,2,'2017-07-06 07:00:00','Dividendi turno 14','I dividendi per questo turno sono i seguenti.<br>Ferrari : 68$<br>Lamborghini  : 48$<br>Totale: 116$',0),(391,'2017-07-06 07:00:16','2017-07-06 07:00:16',NULL,5,'2017-07-06 07:00:00','Dividendi turno 14','I dividendi per questo turno sono i seguenti.<br>Lauraeffe : 26$<br>Totale: 26$',0),(392,'2017-07-06 07:00:16','2017-07-06 07:00:16',NULL,8,'2017-07-06 07:00:00','Dividendi turno 14','I dividendi per questo turno sono i seguenti.<br>Mercedes : 99$<br>Totale: 99$',0),(393,'2017-07-06 07:00:16','2017-07-06 07:00:46',NULL,9,'2017-07-06 07:00:00','Dividendi turno 14','I dividendi per questo turno sono i seguenti.<br>Mercedes : 99$<br>Terronia : 605$<br>UniNa : 172$<br>IeeeAntenna$ociety : 78$<br>orariunina.it : 570$<br>Mafia : 98$<br>Sacra Corona Unita : 63$<br>2EuroAPiacer : 51$<br>Simplesso : 204$<br>Poliedro : 174$<br>Nvidia : 164$<br>Totale: 2278$',1),(394,'2017-07-06 07:00:16','2017-07-06 07:00:16',NULL,10,'2017-07-06 07:00:00','Dividendi turno 14','I dividendi per questo turno sono i seguenti.<br>RAI : 168$<br>Apple : 198$<br>TIM : 104$<br>Mafia : 294$<br>SKY : 112$<br>Sacra Corona Unita : 126$<br>JhonnyStecchino : 166$<br>AntonioCorps : 106$<br>Totale: 1274$',0);
/*!40000 ALTER TABLE `reports` ENABLE KEYS */;
UNLOCK TABLES;

--
-- Table structure for table `share_auction_participations`
--

DROP TABLE IF EXISTS `share_auction_participations`;
/*!40101 SET @saved_cs_client     = @@character_set_client */;
/*!40101 SET character_set_client = utf8 */;
CREATE TABLE `share_auction_participations` (
  `id` int(10) unsigned NOT NULL AUTO_INCREMENT,
  `created_at` timestamp NULL DEFAULT NULL,
  `updated_at` timestamp NULL DEFAULT NULL,
  `deleted_at` timestamp NULL DEFAULT NULL,
  `share_auction_id` int(10) unsigned DEFAULT NULL,
  `player_id` int(10) unsigned DEFAULT NULL,
  PRIMARY KEY (`id`),
  KEY `idx_share_auction_participations_deleted_at` (`deleted_at`)
) ENGINE=InnoDB AUTO_INCREMENT=221 DEFAULT CHARSET=latin1;
/*!40101 SET character_set_client = @saved_cs_client */;

--
-- Dumping data for table `share_auction_participations`
--

LOCK TABLES `share_auction_participations` WRITE;
/*!40000 ALTER TABLE `share_auction_participations` DISABLE KEYS */;
INSERT INTO `share_auction_participations` VALUES (1,'2017-06-28 20:06:47','2017-06-28 20:06:47','2017-06-29 08:49:55',1,1),(2,'2017-06-28 20:12:43','2017-06-28 20:12:43','2017-06-29 08:49:55',1,4),(3,'2017-06-29 05:04:12','2017-06-29 05:04:12','2017-06-29 08:49:55',1,8),(4,'2017-06-29 10:34:04','2017-06-29 10:34:04','2017-06-29 22:36:45',2,1),(5,'2017-06-29 15:56:57','2017-06-29 15:56:57','2017-06-29 22:36:45',2,2),(6,'2017-06-29 20:36:27','2017-06-29 20:36:27','2017-06-29 22:36:45',2,9),(7,'2017-06-29 22:16:26','2017-06-29 22:16:26','2017-06-30 09:59:57',3,2),(8,'2017-06-29 22:44:33','2017-06-29 22:44:33','2017-06-30 09:59:57',3,10),(9,'2017-06-30 09:49:21','2017-06-30 09:49:21','2017-06-30 09:59:57',3,6),(10,'2017-06-30 09:55:02','2017-06-30 09:55:02','2017-06-30 09:59:57',3,9),(11,'2017-06-30 13:19:44','2017-06-30 13:19:44','2017-06-30 21:36:34',5,2),(12,'2017-06-30 13:19:46','2017-06-30 13:19:46','2017-06-30 21:36:34',6,2),(13,'2017-06-30 13:19:50','2017-06-30 13:19:50','2017-06-30 22:26:30',7,2),(14,'2017-06-30 13:19:58','2017-06-30 13:19:58','2017-06-30 19:43:22',4,12),(15,'2017-06-30 13:20:01','2017-06-30 13:20:01','2017-06-30 22:26:30',7,12),(16,'2017-06-30 13:20:04','2017-06-30 13:20:04','2017-07-01 05:14:35',9,12),(17,'2017-06-30 16:47:08','2017-06-30 16:47:08','2017-06-30 21:36:34',5,11),(18,'2017-06-30 18:04:12','2017-06-30 18:04:12','2017-06-30 19:43:22',4,11),(19,'2017-06-30 19:01:58','2017-06-30 19:01:58','2017-06-30 22:26:30',7,9),(20,'2017-06-30 19:04:07','2017-06-30 19:04:07','2017-06-30 22:26:30',8,9),(21,'2017-06-30 19:20:20','2017-06-30 19:20:20','2017-06-30 19:43:22',4,6),(22,'2017-06-30 20:33:34','2017-06-30 20:33:34','2017-06-30 21:36:34',5,1),(23,'2017-06-30 20:33:36','2017-06-30 20:33:36','2017-06-30 21:36:34',6,1),(24,'2017-07-01 00:39:06','2017-07-01 00:39:06','2017-07-01 05:14:35',9,7),(25,'2017-07-01 07:10:31','2017-07-01 07:10:31','2017-07-01 07:22:08',10,6),(26,'2017-07-01 07:12:53','2017-07-01 07:12:53','2017-07-01 07:22:08',10,9),(27,'2017-07-01 08:36:45','2017-07-01 08:36:45','2017-07-01 19:02:08',15,10),(28,'2017-07-01 08:37:28','2017-07-01 08:37:28','2017-07-01 20:23:43',20,10),(29,'2017-07-01 08:38:28','2017-07-01 08:38:28','2017-07-01 19:12:47',17,10),(30,'2017-07-01 09:15:41','2017-07-01 09:15:41','2017-07-01 09:19:35',11,1),(31,'2017-07-01 09:16:28','2017-07-01 09:16:28','2017-07-01 09:19:35',11,9),(32,'2017-07-01 09:16:30','2017-07-01 09:16:30','2017-07-01 09:21:36',12,9),(33,'2017-07-01 09:17:06','2017-07-01 09:17:06','2017-07-01 09:21:36',12,1),(34,'2017-07-01 09:49:18','2017-07-01 09:49:18','2017-07-01 10:01:52',13,1),(35,'2017-07-01 09:49:25','2017-07-01 09:49:25','2017-07-01 10:03:49',14,1),(36,'2017-07-01 09:55:08','2017-07-01 09:55:08','2017-07-01 10:01:52',13,9),(37,'2017-07-01 09:55:08','2017-07-01 09:55:08','2017-07-01 10:03:49',14,9),(38,'2017-07-01 10:00:29','2017-07-01 10:00:29','2017-07-01 10:03:49',14,11),(39,'2017-07-01 18:16:32','2017-07-01 18:16:32','2017-07-01 19:02:25',16,11),(40,'2017-07-01 19:00:27','2017-07-01 19:00:27','2017-07-01 19:02:08',15,9),(41,'2017-07-01 19:01:06','2017-07-01 19:01:06','2017-07-01 19:02:25',16,9),(42,'2017-07-01 19:01:29','2017-07-01 19:01:29','2017-07-01 19:12:47',17,9),(43,'2017-07-01 19:05:12','2017-07-01 19:05:12','2017-07-01 19:12:47',17,6),(44,'2017-07-01 19:05:14','2017-07-01 19:05:14','2017-07-01 19:13:49',18,9),(45,'2017-07-01 19:05:35','2017-07-01 19:05:35','2017-07-01 19:29:52',19,6),(46,'2017-07-01 19:11:22','2017-07-01 19:11:22','2017-07-01 19:12:47',17,1),(47,'2017-07-01 19:12:27','2017-07-01 19:12:27','2017-07-01 19:13:49',18,1),(48,'2017-07-01 19:39:57','2017-07-01 19:39:57','2017-07-01 22:10:16',21,1),(49,'2017-07-01 20:13:33','2017-07-01 20:13:33','2017-07-01 20:23:43',20,9),(50,'2017-07-01 20:17:04','2017-07-01 20:17:04','2017-07-01 22:27:23',22,2),(51,'2017-07-01 20:17:07','2017-07-01 20:17:07','2017-07-01 20:23:43',20,2),(52,'2017-07-01 20:23:17','2017-07-01 20:23:17','2017-07-02 08:18:29',26,2),(53,'2017-07-01 21:21:46','2017-07-01 21:21:46','2017-07-02 07:45:44',25,13),(54,'2017-07-01 21:25:57','2017-07-01 21:25:57','2017-07-01 22:27:23',22,11),(55,'2017-07-01 22:06:02','2017-07-01 22:06:02','2017-07-01 22:10:16',21,6),(56,'2017-07-01 22:58:36','2017-07-01 22:58:36','2017-07-02 07:26:10',24,3),(57,'2017-07-01 23:06:31','2017-07-01 23:06:31','2017-07-02 10:41:11',30,3),(58,'2017-07-01 23:07:19','2017-07-01 23:07:19','2017-07-02 07:17:37',23,3),(59,'2017-07-02 06:23:37','2017-07-02 06:23:37','2017-07-02 07:17:37',23,11),(60,'2017-07-02 07:06:26','2017-07-02 07:06:26','2017-07-02 07:17:37',23,1),(61,'2017-07-02 07:07:30','2017-07-02 07:07:30','2017-07-02 07:17:37',23,9),(62,'2017-07-02 07:08:55','2017-07-02 07:08:55','2017-07-02 07:26:10',24,1),(63,'2017-07-02 07:09:11','2017-07-02 07:09:11','2017-07-02 07:26:10',24,9),(64,'2017-07-02 07:09:16','2017-07-02 07:09:16','2017-07-02 07:45:44',25,9),(65,'2017-07-02 07:09:41','2017-07-02 07:09:41','2017-07-02 07:17:37',23,7),(66,'2017-07-02 07:10:43','2017-07-02 07:10:43','2017-07-02 07:45:44',25,1),(67,'2017-07-02 07:11:41','2017-07-02 07:11:41','2017-07-02 07:17:37',23,10),(68,'2017-07-02 07:22:25','2017-07-02 07:22:25','2017-07-02 07:26:10',24,7),(69,'2017-07-02 07:25:44','2017-07-02 07:25:44','2017-07-02 07:45:44',25,7),(70,'2017-07-02 07:29:49','2017-07-02 07:29:49','2017-07-02 19:15:19',31,3),(71,'2017-07-02 07:48:40','2017-07-02 07:48:40','2017-07-02 08:18:29',26,7),(72,'2017-07-02 08:19:14','2017-07-02 08:19:14','2017-07-02 10:06:32',28,6),(73,'2017-07-02 08:19:21','2017-07-02 08:19:21','2017-07-02 10:04:31',29,6),(74,'2017-07-02 08:55:24','2017-07-02 08:55:24','2017-07-02 20:57:08',38,4),(75,'2017-07-02 09:22:06','2017-07-02 09:22:06','2017-07-02 09:23:54',27,7),(76,'2017-07-02 10:02:00','2017-07-02 10:02:00','2017-07-02 10:06:32',28,1),(77,'2017-07-02 10:16:38','2017-07-02 10:16:38','2017-07-02 10:41:11',30,11),(78,'2017-07-02 10:28:37','2017-07-02 10:28:37','2017-07-02 22:27:05',39,3),(79,'2017-07-02 10:29:16','2017-07-02 10:29:16','2017-07-02 10:41:11',30,1),(80,'2017-07-02 12:34:47','2017-07-02 12:34:47','2017-07-02 19:24:25',32,4),(81,'2017-07-02 17:55:27','2017-07-02 17:55:27','2017-07-02 19:24:25',32,11),(82,'2017-07-02 19:09:09','2017-07-02 19:09:09','2017-07-02 19:37:49',33,1),(83,'2017-07-02 19:10:26','2017-07-02 19:10:26','2017-07-02 22:26:07',40,3),(84,'2017-07-02 19:13:53','2017-07-02 19:13:53','2017-07-02 20:18:59',37,6),(85,'2017-07-02 19:19:44','2017-07-02 19:19:44','2017-07-02 19:37:49',34,11),(86,'2017-07-02 19:44:53','2017-07-02 19:44:53','2017-07-02 19:53:54',35,1),(87,'2017-07-02 19:44:59','2017-07-02 19:44:59','2017-07-02 19:57:00',36,1),(88,'2017-07-02 19:48:30','2017-07-02 19:48:30','2017-07-02 19:53:54',35,3),(89,'2017-07-02 19:50:08','2017-07-02 19:50:08','2017-07-02 19:57:00',36,3),(90,'2017-07-02 19:52:24','2017-07-02 19:52:24','2017-07-02 19:53:54',35,9),(91,'2017-07-02 19:52:44','2017-07-02 19:52:44','2017-07-02 19:57:00',36,9),(92,'2017-07-02 20:43:30','2017-07-02 20:43:30','2017-07-02 20:57:08',38,10),(93,'2017-07-02 20:43:52','2017-07-02 20:43:52','2017-07-02 22:27:05',39,10),(94,'2017-07-02 20:44:17','2017-07-02 20:44:17','2017-07-02 22:26:07',40,10),(95,'2017-07-02 21:16:51','2017-07-02 21:16:51','2017-07-02 22:27:05',39,9),(96,'2017-07-02 21:46:11','2017-07-02 21:46:11','2017-07-02 22:26:07',40,4),(97,'2017-07-02 21:46:26','2017-07-02 21:46:26','2017-07-03 06:10:27',41,4),(98,'2017-07-02 21:46:30','2017-07-02 21:46:30','2017-07-03 06:10:27',42,4),(99,'2017-07-02 21:46:33','2017-07-02 21:46:33','2017-07-03 06:10:27',44,4),(100,'2017-07-02 21:46:49','2017-07-02 21:46:49','2017-07-03 07:08:04',47,4),(101,'2017-07-02 22:21:28','2017-07-02 22:21:28','2017-07-02 22:27:05',39,11),(102,'2017-07-02 22:38:16','2017-07-02 22:38:16','2017-07-03 08:53:43',54,3),(103,'2017-07-02 22:39:07','2017-07-02 22:39:07','2017-07-03 07:08:04',47,3),(104,'2017-07-03 02:08:28','2017-07-03 02:08:28','2017-07-03 06:10:27',41,7),(105,'2017-07-03 02:08:32','2017-07-03 02:08:32','2017-07-03 06:10:27',42,7),(106,'2017-07-03 02:08:32','2017-07-03 02:08:32','2017-07-03 06:10:27',43,7),(107,'2017-07-03 02:08:44','2017-07-03 02:08:44','2017-07-03 06:10:27',45,7),(108,'2017-07-03 02:08:51','2017-07-03 02:08:51','2017-07-03 06:10:27',44,7),(109,'2017-07-03 07:09:14','2017-07-03 07:09:14','2017-07-03 08:53:43',54,10),(110,'2017-07-03 07:10:21','2017-07-03 07:10:21','2017-07-03 07:33:37',48,9),(111,'2017-07-03 07:10:30','2017-07-03 07:10:30','2017-07-03 07:33:37',49,9),(112,'2017-07-03 07:10:37','2017-07-03 07:10:37','2017-07-03 07:33:49',50,9),(113,'2017-07-03 07:11:32','2017-07-03 07:11:32','2017-07-03 07:33:37',48,1),(114,'2017-07-03 07:11:41','2017-07-03 07:11:41','2017-07-03 07:33:37',49,1),(115,'2017-07-03 07:11:53','2017-07-03 07:11:53','2017-07-03 07:33:49',51,1),(116,'2017-07-03 07:12:17','2017-07-03 07:12:17','2017-07-03 08:42:50',52,9),(117,'2017-07-03 07:12:35','2017-07-03 07:12:35','2017-07-03 08:53:29',53,9),(118,'2017-07-03 07:29:48','2017-07-03 07:29:48','2017-07-03 07:33:49',50,11),(119,'2017-07-03 08:50:55','2017-07-03 08:50:55','2017-07-03 08:53:29',53,3),(120,'2017-07-03 08:54:22','2017-07-03 08:54:22','2017-07-03 19:26:24',59,3),(121,'2017-07-03 08:54:25','2017-07-03 08:54:25','2017-07-03 19:27:02',60,3),(122,'2017-07-03 08:54:33','2017-07-03 08:54:33','2017-07-03 19:52:57',62,3),(123,'2017-07-03 08:54:48','2017-07-03 08:54:48','2017-07-03 10:20:02',55,3),(124,'2017-07-03 08:55:39','2017-07-03 08:55:39','2017-07-03 20:10:41',63,3),(125,'2017-07-03 08:56:20','2017-07-03 08:56:20','2017-07-03 19:29:23',61,3),(126,'2017-07-03 08:56:49','2017-07-03 08:56:49','2017-07-03 19:06:39',57,3),(127,'2017-07-03 09:01:29','2017-07-03 09:01:29','2017-07-03 10:20:02',55,7),(128,'2017-07-03 13:04:22','2017-07-03 13:04:22','2017-07-03 19:06:19',56,10),(129,'2017-07-03 13:04:28','2017-07-03 13:04:28','2017-07-03 19:06:39',57,10),(130,'2017-07-03 13:19:09','2017-07-03 13:19:09','2017-07-03 19:06:39',57,13),(131,'2017-07-03 14:28:21','2017-07-03 14:28:21','2017-07-04 02:28:24',64,4),(132,'2017-07-03 14:28:25','2017-07-03 14:28:25','2017-07-04 02:28:24',65,4),(133,'2017-07-03 14:28:28','2017-07-03 14:28:28','2017-07-04 02:28:24',66,4),(134,'2017-07-03 14:28:41','2017-07-03 14:28:41','2017-07-03 19:06:19',56,4),(135,'2017-07-03 14:28:57','2017-07-03 14:28:57','2017-07-03 19:52:57',62,4),(136,'2017-07-03 14:29:20','2017-07-03 14:29:20','2017-07-03 19:26:24',59,4),(137,'2017-07-03 14:29:54','2017-07-03 14:29:54','2017-07-03 20:10:41',63,4),(138,'2017-07-03 19:03:45','2017-07-03 19:03:45','2017-07-03 19:06:19',56,3),(139,'2017-07-03 19:07:00','2017-07-03 19:07:00','2017-07-03 19:09:59',58,3),(140,'2017-07-03 19:40:44','2017-07-03 19:40:44','2017-07-03 19:52:57',62,9),(141,'2017-07-03 19:47:56','2017-07-03 19:47:56','2017-07-03 19:52:57',62,11),(142,'2017-07-03 20:04:22','2017-07-03 20:04:22','2017-07-03 20:10:41',63,9),(143,'2017-07-03 20:08:19','2017-07-03 20:08:19','2017-07-03 20:10:41',63,11),(144,'2017-07-03 20:36:21','2017-07-03 20:36:21','2017-07-04 08:03:08',70,4),(145,'2017-07-03 20:36:30','2017-07-03 20:36:30','2017-07-04 05:15:06',67,4),(146,'2017-07-03 20:36:34','2017-07-03 20:36:34','2017-07-04 05:15:06',68,4),(147,'2017-07-03 20:36:39','2017-07-03 20:36:39','2017-07-04 08:03:03',69,4),(148,'2017-07-03 20:36:53','2017-07-03 20:36:53','2017-07-04 08:04:48',71,4),(149,'2017-07-03 20:53:25','2017-07-03 20:53:25','2017-07-04 02:28:24',64,3),(150,'2017-07-03 21:11:49','2017-07-03 21:11:49','2017-07-04 09:00:58',72,3),(151,'2017-07-03 21:35:21','2017-07-03 21:35:21','2017-07-04 02:28:24',64,10),(152,'2017-07-03 21:35:22','2017-07-03 21:35:22','2017-07-04 02:28:24',65,10),(153,'2017-07-03 21:35:23','2017-07-03 21:35:23','2017-07-04 02:28:24',66,10),(154,'2017-07-03 21:35:24','2017-07-03 21:35:24','2017-07-04 05:15:06',67,10),(155,'2017-07-03 21:35:27','2017-07-03 21:35:27','2017-07-04 05:15:06',68,10),(156,'2017-07-03 21:35:28','2017-07-03 21:35:28','2017-07-04 08:03:03',69,10),(157,'2017-07-03 21:35:30','2017-07-03 21:35:30','2017-07-04 08:03:08',70,10),(158,'2017-07-03 21:35:33','2017-07-03 21:35:33','2017-07-04 08:04:48',71,10),(159,'2017-07-03 22:08:29','2017-07-03 22:08:29','2017-07-04 02:28:24',64,9),(160,'2017-07-03 23:00:24','2017-07-03 23:00:24','2017-07-04 02:28:24',66,11),(161,'2017-07-04 05:13:35','2017-07-04 05:13:35','2017-07-04 05:15:06',67,3),(162,'2017-07-04 05:14:03','2017-07-04 05:14:03','2017-07-04 05:15:06',68,3),(163,'2017-07-04 05:17:39','2017-07-04 05:17:39','2017-07-04 09:12:07',73,3),(164,'2017-07-04 05:19:23','2017-07-04 05:19:23','2017-07-04 08:03:03',69,3),(165,'2017-07-04 07:04:04','2017-07-04 07:04:04','2017-07-04 09:00:58',72,4),(166,'2017-07-04 07:04:07','2017-07-04 07:04:07','2017-07-04 09:16:01',74,4),(167,'2017-07-04 07:04:08','2017-07-04 07:04:08','2017-07-04 09:12:07',73,4),(168,'2017-07-04 07:38:04','2017-07-04 07:38:04','2017-07-04 19:29:45',75,4),(169,'2017-07-04 07:50:30','2017-07-04 07:50:30','2017-07-04 08:03:08',70,3),(170,'2017-07-04 07:53:02','2017-07-04 07:53:02','2017-07-04 08:04:48',71,3),(171,'2017-07-04 07:59:30','2017-07-04 07:59:30','2017-07-04 08:03:03',69,9),(172,'2017-07-04 07:59:35','2017-07-04 07:59:35','2017-07-04 08:04:48',71,9),(173,'2017-07-04 07:59:39','2017-07-04 07:59:39','2017-07-04 08:03:08',70,9),(174,'2017-07-04 08:45:59','2017-07-04 08:45:59','2017-07-04 09:00:58',72,9),(175,'2017-07-04 09:12:35','2017-07-04 09:12:35','2017-07-04 09:16:01',74,11),(176,'2017-07-04 17:20:57','2017-07-04 17:20:57','2017-07-05 05:25:30',81,3),(177,'2017-07-04 17:21:01','2017-07-04 17:21:01','2017-07-05 05:16:09',80,3),(178,'2017-07-04 17:21:04','2017-07-04 17:21:04','2017-07-05 05:14:48',78,3),(179,'2017-07-04 17:21:07','2017-07-04 17:21:07','2017-07-05 05:15:02',79,3),(180,'2017-07-04 17:21:39','2017-07-04 17:21:39','2017-07-05 05:25:35',82,3),(181,'2017-07-04 18:37:37','2017-07-04 18:37:37','2017-07-04 19:29:45',75,3),(182,'2017-07-04 18:49:13','2017-07-04 18:49:13','2017-07-04 23:46:51',76,4),(183,'2017-07-04 18:49:16','2017-07-04 18:49:16','2017-07-05 05:14:48',78,4),(184,'2017-07-04 18:49:19','2017-07-04 18:49:19','2017-07-05 05:25:30',81,4),(185,'2017-07-04 18:49:22','2017-07-04 18:49:22','2017-07-05 05:15:02',79,4),(186,'2017-07-04 19:16:05','2017-07-04 19:16:05','2017-07-04 23:46:51',76,2),(187,'2017-07-04 19:16:08','2017-07-04 19:16:08','2017-07-04 23:46:53',77,2),(188,'2017-07-04 19:28:56','2017-07-04 19:28:56','2017-07-05 05:14:48',78,10),(189,'2017-07-04 19:28:59','2017-07-04 19:28:59','2017-07-05 05:25:30',81,10),(190,'2017-07-04 19:41:46','2017-07-04 19:41:46','2017-07-05 05:25:35',82,4),(191,'2017-07-04 21:27:50','2017-07-04 21:27:50','2017-07-04 23:46:53',77,4),(192,'2017-07-04 21:29:13','2017-07-04 21:29:13','2017-07-05 05:16:09',80,4),(193,'2017-07-04 21:30:00','2017-07-04 21:30:00','2017-07-05 08:47:04',83,4),(194,'2017-07-04 21:30:07','2017-07-04 21:30:07','2017-07-05 08:47:04',84,4),(195,'2017-07-04 22:00:14','2017-07-04 22:00:14','2017-07-05 05:15:02',79,2),(196,'2017-07-04 22:00:17','2017-07-04 22:00:17','2017-07-05 05:16:09',80,2),(197,'2017-07-04 22:42:55','2017-07-04 22:42:55','2017-07-04 23:46:51',76,7),(198,'2017-07-04 22:43:02','2017-07-04 22:43:02','2017-07-04 23:46:53',77,7),(199,'2017-07-04 22:51:43','2017-07-04 22:51:43','2017-07-04 23:46:51',76,9),(200,'2017-07-04 22:51:46','2017-07-04 22:51:46','2017-07-04 23:46:53',77,9),(201,'2017-07-04 23:32:06','2017-07-04 23:32:06','2017-07-04 23:46:51',76,11),(202,'2017-07-04 23:32:27','2017-07-04 23:32:27','2017-07-04 23:46:53',77,11),(203,'2017-07-04 23:32:57','2017-07-04 23:32:57','2017-07-05 05:14:48',78,11),(204,'2017-07-04 23:39:33','2017-07-04 23:39:33','2017-07-04 23:46:51',76,1),(205,'2017-07-04 23:41:16','2017-07-04 23:41:16','2017-07-04 23:46:53',77,1),(206,'2017-07-04 23:41:33','2017-07-04 23:41:33','2017-07-05 05:14:48',78,1),(207,'2017-07-04 23:44:20','2017-07-04 23:44:20','2017-07-05 05:15:02',79,1),(208,'2017-07-04 23:45:37','2017-07-04 23:45:37','2017-07-05 05:16:09',80,1),(209,'2017-07-04 23:45:41','2017-07-04 23:45:41','2017-07-05 05:25:30',81,11),(210,'2017-07-04 23:46:39','2017-07-04 23:46:39','2017-07-05 05:25:35',82,1),(211,'2017-07-04 23:48:01','2017-07-04 23:48:01','2017-07-05 05:16:09',80,11),(212,'2017-07-04 23:49:17','2017-07-04 23:49:17','2017-07-05 08:47:04',83,11),(213,'2017-07-04 23:52:48','2017-07-04 23:52:48','2017-07-05 05:14:48',78,7),(214,'2017-07-04 23:52:55','2017-07-04 23:52:55','2017-07-05 05:15:02',79,7),(215,'2017-07-04 23:53:01','2017-07-04 23:53:01','2017-07-05 05:16:09',80,7),(216,'2017-07-05 05:03:49','2017-07-05 05:03:49','2017-07-05 05:25:30',81,1),(217,'2017-07-05 08:27:27','2017-07-05 08:27:27','2017-07-05 08:47:04',84,11),(218,'2017-07-05 08:53:56','2017-07-05 08:53:56','2017-07-05 20:39:49',85,4),(219,'2017-07-05 08:57:54','2017-07-05 08:57:54','2017-07-05 20:39:49',85,3),(220,'2017-07-05 20:04:15','2017-07-05 20:04:15','2017-07-05 20:39:49',85,2);
/*!40000 ALTER TABLE `share_auction_participations` ENABLE KEYS */;
UNLOCK TABLES;

--
-- Table structure for table `share_auctions`
--

DROP TABLE IF EXISTS `share_auctions`;
/*!40101 SET @saved_cs_client     = @@character_set_client */;
/*!40101 SET character_set_client = utf8 */;
CREATE TABLE `share_auctions` (
  `id` int(10) unsigned NOT NULL AUTO_INCREMENT,
  `created_at` timestamp NULL DEFAULT NULL,
  `updated_at` timestamp NULL DEFAULT NULL,
  `deleted_at` timestamp NULL DEFAULT NULL,
  `share_id` int(10) unsigned DEFAULT NULL,
  `highest_offer` int(11) DEFAULT NULL,
  `highest_offer_player_id` int(10) unsigned DEFAULT NULL,
  `expiration` timestamp NULL DEFAULT NULL,
  PRIMARY KEY (`id`),
  KEY `idx_share_auctions_deleted_at` (`deleted_at`)
) ENGINE=InnoDB AUTO_INCREMENT=86 DEFAULT CHARSET=latin1;
/*!40101 SET character_set_client = @saved_cs_client */;

--
-- Dumping data for table `share_auctions`
--

LOCK TABLES `share_auctions` WRITE;
/*!40000 ALTER TABLE `share_auctions` DISABLE KEYS */;
INSERT INTO `share_auctions` VALUES (1,'2017-06-28 20:06:37','2017-06-29 05:04:53','2017-06-29 08:49:55',5,33,8,'2017-06-29 08:06:37'),(2,'2017-06-29 10:33:35','2017-06-29 20:36:27','2017-06-29 22:36:45',18,30,9,'2017-06-29 22:33:35'),(3,'2017-06-29 21:58:55','2017-06-30 09:58:16','2017-06-30 09:59:57',23,34,6,'2017-06-30 09:59:55'),(4,'2017-06-30 07:43:19','2017-06-30 19:39:20','2017-06-30 19:43:22',28,65,6,'2017-06-30 19:43:18'),(5,'2017-06-30 09:36:33','2017-06-30 21:34:32','2017-06-30 21:36:34',33,50,1,'2017-06-30 21:36:33'),(6,'2017-06-30 09:36:33','2017-06-30 21:35:00','2017-06-30 21:36:34',34,20,1,'2017-06-30 21:36:33'),(7,'2017-06-30 10:04:31','2017-06-30 19:01:58','2017-06-30 22:26:30',35,35,9,'2017-06-30 22:04:31'),(8,'2017-06-30 10:12:21','2017-06-30 19:04:07','2017-06-30 22:26:30',40,24,9,'2017-06-30 22:12:21'),(9,'2017-06-30 13:19:07','2017-07-01 01:00:48','2017-07-01 05:14:35',43,4,7,'2017-07-01 01:19:07'),(10,'2017-06-30 19:21:04','2017-07-01 07:20:05','2017-07-01 07:22:08',46,95,6,'2017-07-01 07:22:04'),(11,'2017-06-30 21:17:34','2017-07-01 09:18:31','2017-07-01 09:19:35',47,35,9,'2017-07-01 09:19:34'),(12,'2017-06-30 21:17:35','2017-07-01 09:20:02','2017-07-01 09:21:36',48,40,1,'2017-07-01 09:21:35'),(13,'2017-06-30 22:01:46','2017-07-01 09:59:28','2017-07-01 10:01:52',51,20,1,'2017-07-01 10:01:46'),(14,'2017-06-30 22:01:48','2017-07-01 10:01:54','2017-07-01 10:03:49',52,20,11,'2017-07-01 10:03:48'),(15,'2017-07-01 07:02:06','2017-07-01 19:00:27','2017-07-01 19:02:08',57,100,9,'2017-07-01 19:02:06'),(16,'2017-07-01 07:02:22','2017-07-01 19:01:06','2017-07-01 19:02:25',58,70,9,'2017-07-01 19:02:22'),(17,'2017-07-01 07:12:28','2017-07-01 19:11:22','2017-07-01 19:12:47',59,38,1,'2017-07-01 19:12:28'),(18,'2017-07-01 07:12:47','2017-07-01 19:12:27','2017-07-01 19:13:49',60,47,1,'2017-07-01 19:13:47'),(19,'2017-07-01 07:29:51','2017-07-01 19:18:21','2017-07-01 19:29:52',63,80,6,'2017-07-01 19:29:51'),(20,'2017-07-01 08:22:18','2017-07-01 20:21:23','2017-07-01 20:23:43',64,42,9,'2017-07-01 20:23:18'),(21,'2017-07-01 10:09:14','2017-07-01 22:09:07','2017-07-01 22:10:16',69,81,1,'2017-07-01 22:10:14'),(22,'2017-07-01 10:25:57','2017-07-01 21:25:57','2017-07-01 22:27:23',70,50,11,'2017-07-01 22:25:57'),(23,'2017-07-01 19:07:36','2017-07-02 07:16:12','2017-07-02 07:17:37',73,135,7,'2017-07-02 07:17:36'),(24,'2017-07-01 19:22:08','2017-07-02 07:24:34','2017-07-02 07:26:10',74,170,1,'2017-07-02 07:26:08'),(25,'2017-07-01 19:24:23','2017-07-02 07:44:03','2017-07-02 07:45:44',75,180,9,'2017-07-02 07:45:23'),(26,'2017-07-01 20:18:26','2017-07-02 07:48:40','2017-07-02 08:18:29',78,51,7,'2017-07-02 08:18:26'),(27,'2017-07-01 21:22:27','2017-07-02 09:22:06','2017-07-02 09:23:54',79,1,7,'2017-07-02 09:23:27'),(28,'2017-07-01 22:02:31','2017-07-02 10:05:30','2017-07-02 10:06:32',82,161,6,'2017-07-02 10:06:31'),(29,'2017-07-01 22:04:29','2017-07-02 10:01:07','2017-07-02 10:04:31',83,150,6,'2017-07-02 10:04:29'),(30,'2017-07-01 22:40:12','2017-07-02 10:38:37','2017-07-02 10:41:11',84,150,1,'2017-07-02 10:40:12'),(31,'2017-07-02 07:14:18','2017-07-02 19:13:48','2017-07-02 19:15:19',89,104,3,'2017-07-02 19:15:18'),(32,'2017-07-02 07:24:23','2017-07-02 19:19:30','2017-07-02 19:24:25',90,60,11,'2017-07-02 19:24:23'),(33,'2017-07-02 07:37:35','2017-07-02 19:34:21','2017-07-02 19:37:49',91,250,1,'2017-07-02 19:37:35'),(34,'2017-07-02 07:37:36','2017-07-02 19:19:44','2017-07-02 19:37:49',92,90,11,'2017-07-02 19:37:36'),(35,'2017-07-02 07:52:53','2017-07-02 19:52:24','2017-07-02 19:53:54',93,151,9,'2017-07-02 19:53:53'),(36,'2017-07-02 07:52:55','2017-07-02 19:55:37','2017-07-02 19:57:00',94,200,1,'2017-07-02 19:56:55'),(37,'2017-07-02 08:18:58','2017-07-02 20:05:53','2017-07-02 20:18:59',95,190,6,'2017-07-02 20:18:58'),(38,'2017-07-02 08:55:05','2017-07-02 20:43:30','2017-07-02 20:57:08',96,81,10,'2017-07-02 20:55:05'),(39,'2017-07-02 10:26:01','2017-07-02 22:25:04','2017-07-02 22:27:05',101,112,11,'2017-07-02 22:27:01'),(40,'2017-07-02 10:26:03','2017-07-02 22:22:42','2017-07-02 22:26:07',102,62,3,'2017-07-02 22:26:03'),(41,'2017-07-02 17:59:50','2017-07-03 02:08:28','2017-07-03 06:10:27',105,2,7,'2017-07-03 05:59:50'),(42,'2017-07-02 17:59:58','2017-07-03 02:08:32','2017-07-03 06:10:27',106,2,7,'2017-07-03 05:59:58'),(43,'2017-07-02 18:00:45','2017-07-03 02:08:32','2017-07-03 06:10:27',107,1,7,'2017-07-03 06:00:45'),(44,'2017-07-02 18:00:52','2017-07-03 02:08:51','2017-07-03 06:10:27',108,2,7,'2017-07-03 06:00:52'),(45,'2017-07-02 18:00:55','2017-07-03 02:08:44','2017-07-03 06:10:27',109,1,7,'2017-07-03 06:00:55'),(46,'2017-07-02 18:04:41','2017-07-02 18:04:41','2017-07-03 06:10:27',112,0,0,'2017-07-03 06:04:41'),(47,'2017-07-02 19:08:03','2017-07-03 07:05:36','2017-07-03 07:08:04',113,25,3,'2017-07-03 07:08:03'),(48,'2017-07-02 19:33:24','2017-07-03 07:12:03','2017-07-03 07:33:37',116,301,9,'2017-07-03 07:33:23'),(49,'2017-07-02 19:33:36','2017-07-03 07:11:41','2017-07-03 07:33:37',117,300,1,'2017-07-03 07:33:36'),(50,'2017-07-02 19:33:38','2017-07-03 07:29:48','2017-07-03 07:33:49',118,201,11,'2017-07-03 07:33:38'),(51,'2017-07-02 19:33:39','2017-07-03 07:11:53','2017-07-03 07:33:49',119,252,1,'2017-07-03 07:33:39'),(52,'2017-07-02 20:42:32','2017-07-03 07:12:17','2017-07-03 08:42:50',122,90,9,'2017-07-03 08:42:32'),(53,'2017-07-02 20:53:27','2017-07-03 08:50:55','2017-07-03 08:53:29',125,129,3,'2017-07-03 08:53:27'),(54,'2017-07-02 20:53:40','2017-07-03 07:09:14','2017-07-03 08:53:43',126,100,10,'2017-07-03 08:53:40'),(55,'2017-07-02 22:20:01','2017-07-03 10:17:40','2017-07-03 10:20:02',127,45,3,'2017-07-03 10:20:01'),(56,'2017-07-03 07:06:14','2017-07-03 19:03:45','2017-07-03 19:06:19',128,6,3,'2017-07-03 19:06:14'),(57,'2017-07-03 07:06:38','2017-07-03 19:04:19','2017-07-03 19:06:39',129,31,3,'2017-07-03 19:06:38'),(58,'2017-07-03 07:09:57','2017-07-03 19:07:00','2017-07-03 19:09:59',130,1,3,'2017-07-03 19:09:57'),(59,'2017-07-03 07:26:23','2017-07-03 19:24:00','2017-07-03 19:26:24',131,60,3,'2017-07-03 19:26:23'),(60,'2017-07-03 07:26:57','2017-07-03 08:54:25','2017-07-03 19:27:02',132,1,3,'2017-07-03 19:26:57'),(61,'2017-07-03 07:29:20','2017-07-03 08:56:20','2017-07-03 19:29:23',133,1,3,'2017-07-03 19:29:20'),(62,'2017-07-03 07:40:56','2017-07-03 19:51:00','2017-07-03 19:52:57',134,202,11,'2017-07-03 19:52:56'),(63,'2017-07-03 08:05:40','2017-07-03 20:09:28','2017-07-03 20:10:41',135,300,9,'2017-07-03 20:10:40'),(64,'2017-07-03 14:21:55','2017-07-03 22:29:34','2017-07-04 02:28:24',142,387,10,'2017-07-04 02:21:55'),(65,'2017-07-03 14:25:23','2017-07-03 22:29:53','2017-07-04 02:28:24',143,81,10,'2017-07-04 02:25:23'),(66,'2017-07-03 14:27:47','2017-07-03 23:16:21','2017-07-04 02:28:24',144,288,11,'2017-07-04 02:27:47'),(67,'2017-07-03 17:14:05','2017-07-04 05:13:35','2017-07-04 05:15:06',145,100,3,'2017-07-04 05:15:05'),(68,'2017-07-03 17:15:05','2017-07-04 05:14:03','2017-07-04 05:15:06',146,160,3,'2017-07-04 05:15:05'),(69,'2017-07-03 19:52:02','2017-07-04 08:01:02','2017-07-04 08:03:03',149,200,9,'2017-07-04 08:03:02'),(70,'2017-07-03 19:52:07','2017-07-04 08:01:15','2017-07-04 08:03:08',150,201,3,'2017-07-04 08:03:07'),(71,'2017-07-03 19:59:47','2017-07-04 08:03:32','2017-07-04 08:04:48',153,202,9,'2017-07-04 08:04:47'),(72,'2017-07-03 20:46:54','2017-07-04 08:59:48','2017-07-04 09:00:58',154,102,4,'2017-07-04 09:00:54'),(73,'2017-07-03 21:12:04','2017-07-04 07:04:08','2017-07-04 09:12:07',155,2,4,'2017-07-04 09:12:04'),(74,'2017-07-03 21:15:57','2017-07-04 09:14:21','2017-07-04 09:16:01',156,51,4,'2017-07-04 09:15:57'),(75,'2017-07-04 07:29:34','2017-07-04 19:01:52','2017-07-04 19:29:45',157,150,4,'2017-07-04 19:29:34'),(76,'2017-07-04 11:44:50','2017-07-04 23:45:31','2017-07-04 23:46:51',160,100,7,'2017-07-04 23:46:50'),(77,'2017-07-04 11:44:52','2017-07-04 23:45:46','2017-07-04 23:46:53',161,100,7,'2017-07-04 23:46:52'),(78,'2017-07-04 17:14:47','2017-07-05 05:12:55','2017-07-05 05:14:48',166,201,3,'2017-07-05 05:14:47'),(79,'2017-07-04 17:15:00','2017-07-05 05:13:23','2017-07-05 05:15:02',167,100,3,'2017-07-05 05:15:00'),(80,'2017-07-04 17:15:05','2017-07-05 05:15:03','2017-07-05 05:16:09',168,100,3,'2017-07-05 05:16:05'),(81,'2017-07-04 17:15:29','2017-07-05 05:23:29','2017-07-05 05:25:30',169,149,3,'2017-07-05 05:25:29'),(82,'2017-07-04 17:21:34','2017-07-05 05:24:18','2017-07-05 05:25:35',170,119,3,'2017-07-05 05:25:34'),(83,'2017-07-04 20:45:54','2017-07-05 08:27:23','2017-07-05 08:47:04',171,91,11,'2017-07-05 08:45:54'),(84,'2017-07-04 20:45:58','2017-07-05 08:27:27','2017-07-05 08:47:04',172,91,11,'2017-07-05 08:45:57'),(85,'2017-07-05 08:39:44','2017-07-05 20:04:15','2017-07-05 20:39:49',173,5,2,'2017-07-05 20:39:44');
/*!40000 ALTER TABLE `share_auctions` ENABLE KEYS */;
UNLOCK TABLES;

--
-- Table structure for table `shares`
--

DROP TABLE IF EXISTS `shares`;
/*!40101 SET @saved_cs_client     = @@character_set_client */;
/*!40101 SET character_set_client = utf8 */;
CREATE TABLE `shares` (
  `id` int(10) unsigned NOT NULL AUTO_INCREMENT,
  `created_at` timestamp NULL DEFAULT NULL,
  `updated_at` timestamp NULL DEFAULT NULL,
  `deleted_at` timestamp NULL DEFAULT NULL,
  `company_id` int(10) unsigned DEFAULT NULL,
  `owner_id` int(10) unsigned DEFAULT NULL,
  PRIMARY KEY (`id`),
  KEY `idx_shares_deleted_at` (`deleted_at`)
) ENGINE=InnoDB AUTO_INCREMENT=176 DEFAULT CHARSET=latin1;
/*!40101 SET character_set_client = @saved_cs_client */;

--
-- Dumping data for table `shares`
--

LOCK TABLES `shares` WRITE;
/*!40000 ALTER TABLE `shares` DISABLE KEYS */;
INSERT INTO `shares` VALUES (1,'2017-06-28 20:03:51','2017-06-28 20:03:51',NULL,1,3),(2,'2017-06-28 20:03:51','2017-06-28 20:03:51',NULL,1,3),(3,'2017-06-28 20:04:01','2017-06-28 20:04:01',NULL,2,1),(4,'2017-06-28 20:04:01','2017-06-28 20:04:01',NULL,2,1),(5,'2017-06-28 20:06:37','2017-06-29 08:49:55',NULL,2,8),(6,'2017-06-28 20:09:21','2017-06-28 20:09:21',NULL,3,4),(7,'2017-06-28 20:09:21','2017-06-28 20:09:21',NULL,3,4),(8,'2017-06-28 20:15:07','2017-06-28 20:15:07',NULL,4,2),(9,'2017-06-28 20:15:07','2017-06-28 20:15:07',NULL,4,2),(10,'2017-06-28 20:59:17','2017-06-28 20:59:17',NULL,5,5),(11,'2017-06-28 20:59:17','2017-06-28 20:59:17',NULL,5,5),(12,'2017-06-28 21:54:24','2017-06-28 21:54:24',NULL,6,6),(13,'2017-06-28 21:54:24','2017-06-28 21:54:24',NULL,6,6),(14,'2017-06-28 23:28:14','2017-06-28 23:28:14',NULL,7,7),(15,'2017-06-28 23:28:14','2017-06-28 23:28:14',NULL,7,7),(16,'2017-06-29 05:50:27','2017-06-29 05:50:27',NULL,8,9),(17,'2017-06-29 05:50:27','2017-06-29 05:50:27',NULL,8,9),(18,'2017-06-29 10:33:35','2017-06-29 22:36:45',NULL,8,9),(19,'2017-06-29 15:38:31','2017-06-29 15:38:31',NULL,9,10),(20,'2017-06-29 15:38:31','2017-06-29 15:38:31',NULL,9,10),(21,'2017-06-29 19:01:58','2017-06-29 19:01:58',NULL,10,6),(22,'2017-06-29 19:01:58','2017-06-29 19:01:58',NULL,10,6),(23,'2017-06-29 21:58:55','2017-06-30 09:59:57',NULL,9,6),(24,'2017-06-29 22:24:44','2017-06-29 22:24:44',NULL,11,3),(25,'2017-06-29 22:24:44','2017-06-29 22:24:44',NULL,11,3),(26,'2017-06-30 07:27:44','2017-06-30 07:27:44',NULL,12,4),(27,'2017-06-30 07:27:44','2017-06-30 07:27:44',NULL,12,4),(28,'2017-06-30 07:43:19','2017-06-30 19:43:22',NULL,6,6),(29,'2017-06-30 09:12:41','2017-06-30 09:12:41',NULL,13,1),(30,'2017-06-30 09:12:41','2017-06-30 09:12:41',NULL,13,1),(31,'2017-06-30 09:28:41','2017-06-30 09:28:41',NULL,14,11),(32,'2017-06-30 09:28:41','2017-06-30 09:28:41',NULL,14,11),(33,'2017-06-30 09:36:33','2017-06-30 21:36:34',NULL,2,1),(34,'2017-06-30 09:36:33','2017-06-30 21:36:34',NULL,2,1),(35,'2017-06-30 10:04:31','2017-06-30 22:26:30',NULL,8,9),(36,'2017-06-30 10:05:02','2017-06-30 10:05:02',NULL,15,9),(37,'2017-06-30 10:05:02','2017-06-30 10:05:02',NULL,15,9),(38,'2017-06-30 10:05:54','2017-06-30 10:05:54',NULL,16,10),(39,'2017-06-30 10:05:54','2017-06-30 10:05:54',NULL,16,10),(40,'2017-06-30 10:12:21','2017-06-30 22:26:30',NULL,15,9),(41,'2017-06-30 10:15:59','2017-06-30 10:15:59',NULL,17,7),(42,'2017-06-30 10:15:59','2017-06-30 10:15:59',NULL,17,7),(43,'2017-06-30 13:19:07','2017-07-01 05:14:35',NULL,4,7),(44,'2017-06-30 19:12:00','2017-06-30 19:12:00',NULL,18,4),(45,'2017-06-30 19:12:00','2017-06-30 19:12:00',NULL,18,4),(46,'2017-06-30 19:21:04','2017-07-01 07:22:08',NULL,10,6),(47,'2017-06-30 21:17:34','2017-07-01 09:19:35',NULL,13,9),(48,'2017-06-30 21:17:35','2017-07-01 09:21:36',NULL,13,1),(49,'2017-06-30 21:42:12','2017-06-30 21:42:12',NULL,19,1),(50,'2017-06-30 21:42:12','2017-06-30 21:42:12',NULL,19,1),(51,'2017-06-30 22:01:46','2017-07-01 10:01:52',NULL,19,1),(52,'2017-06-30 22:01:48','2017-07-01 10:03:49',NULL,19,11),(53,'2017-06-30 23:30:14','2017-06-30 23:30:14',NULL,20,11),(54,'2017-06-30 23:30:14','2017-06-30 23:30:14',NULL,20,11),(55,'2017-07-01 06:14:42','2017-07-01 06:14:42',NULL,21,13),(56,'2017-07-01 06:14:42','2017-07-01 06:14:42',NULL,21,13),(57,'2017-07-01 07:02:06','2017-07-01 19:02:08',NULL,8,9),(58,'2017-07-01 07:02:22','2017-07-01 19:02:25',NULL,15,9),(59,'2017-07-01 07:12:28','2017-07-01 19:12:47',NULL,8,1),(60,'2017-07-01 07:12:47','2017-07-01 19:13:49',NULL,15,1),(61,'2017-07-01 07:27:55','2017-07-01 07:27:55',NULL,22,6),(62,'2017-07-01 07:27:55','2017-07-01 07:27:55',NULL,22,6),(63,'2017-07-01 07:29:51','2017-07-01 19:29:52',NULL,22,6),(64,'2017-07-01 08:22:18','2017-07-01 20:23:43',NULL,16,9),(65,'2017-07-01 08:25:31','2017-07-01 08:25:31',NULL,23,10),(66,'2017-07-01 08:25:31','2017-07-01 08:25:31',NULL,23,10),(67,'2017-07-01 08:26:55','2017-07-01 08:26:55',NULL,24,13),(68,'2017-07-01 08:26:55','2017-07-01 08:26:55',NULL,24,13),(69,'2017-07-01 10:09:14','2017-07-01 22:10:16',NULL,19,1),(70,'2017-07-01 10:25:57','2017-07-01 22:27:23',NULL,20,11),(71,'2017-07-01 12:08:48','2017-07-01 12:08:48',NULL,25,7),(72,'2017-07-01 12:08:48','2017-07-01 12:08:48',NULL,25,7),(73,'2017-07-01 19:07:36','2017-07-02 07:17:37',NULL,13,7),(74,'2017-07-01 19:22:08','2017-07-02 07:26:10',NULL,2,1),(75,'2017-07-01 19:24:23','2017-07-02 07:45:44',NULL,2,9),(76,'2017-07-01 19:32:59','2017-07-01 19:32:59',NULL,26,1),(77,'2017-07-01 19:32:59','2017-07-01 19:32:59',NULL,26,1),(78,'2017-07-01 20:18:26','2017-07-02 08:18:29',NULL,4,7),(79,'2017-07-01 21:22:27','2017-07-02 09:23:54',NULL,23,7),(80,'2017-07-01 21:22:52','2017-07-01 21:22:52',NULL,27,13),(81,'2017-07-01 21:22:52','2017-07-01 21:22:52',NULL,27,13),(82,'2017-07-01 22:02:31','2017-07-02 10:06:32',NULL,6,6),(83,'2017-07-01 22:04:29','2017-07-02 10:04:31',NULL,22,6),(84,'2017-07-01 22:40:12','2017-07-02 10:41:11',NULL,14,1),(85,'2017-07-01 22:59:19','2017-07-01 22:59:19',NULL,28,3),(86,'2017-07-01 22:59:19','2017-07-01 22:59:19',NULL,28,3),(87,'2017-07-02 00:13:16','2017-07-02 00:13:16',NULL,29,4),(88,'2017-07-02 00:13:16','2017-07-02 00:13:16',NULL,29,4),(89,'2017-07-02 07:14:18','2017-07-02 19:15:19',NULL,28,3),(90,'2017-07-02 07:24:23','2017-07-02 19:24:25',NULL,11,11),(91,'2017-07-02 07:37:35','2017-07-02 19:37:49',NULL,19,1),(92,'2017-07-02 07:37:36','2017-07-02 19:37:49',NULL,19,11),(93,'2017-07-02 07:52:53','2017-07-02 19:53:54',NULL,26,9),(94,'2017-07-02 07:52:55','2017-07-02 19:57:00',NULL,26,1),(95,'2017-07-02 08:18:58','2017-07-02 20:18:59',NULL,10,6),(96,'2017-07-02 08:55:05','2017-07-02 20:57:08',NULL,12,10),(97,'2017-07-02 08:55:53','2017-07-02 08:55:53',NULL,30,4),(98,'2017-07-02 08:55:53','2017-07-02 08:55:53',NULL,30,4),(99,'2017-07-02 10:02:23','2017-07-02 10:02:23',NULL,31,9),(100,'2017-07-02 10:02:23','2017-07-02 10:02:23',NULL,31,9),(101,'2017-07-02 10:26:01','2017-07-02 22:27:05',NULL,20,11),(102,'2017-07-02 10:26:03','2017-07-02 22:26:07',NULL,20,3),(103,'2017-07-02 10:51:44','2017-07-02 10:51:44',NULL,32,11),(104,'2017-07-02 10:51:44','2017-07-02 10:51:44',NULL,32,11),(105,'2017-07-02 17:59:50','2017-07-03 06:10:27',NULL,4,7),(106,'2017-07-02 17:59:58','2017-07-03 06:10:27',NULL,4,7),(107,'2017-07-02 18:00:45','2017-07-03 06:10:27',NULL,4,7),(108,'2017-07-02 18:00:52','2017-07-03 06:10:27',NULL,4,7),(109,'2017-07-02 18:00:55','2017-07-03 06:10:27',NULL,4,7),(110,'2017-07-02 18:01:42','2017-07-02 18:01:42',NULL,33,2),(111,'2017-07-02 18:01:42','2017-07-02 18:01:42',NULL,33,2),(112,'2017-07-02 18:04:41','2017-07-03 06:10:27',NULL,33,0),(113,'2017-07-02 19:08:03','2017-07-03 07:08:04',NULL,6,3),(114,'2017-07-02 19:23:40','2017-07-02 19:23:40',NULL,34,9),(115,'2017-07-02 19:23:40','2017-07-02 19:23:40',NULL,34,9),(116,'2017-07-02 19:33:24','2017-07-03 07:33:37',NULL,13,9),(117,'2017-07-02 19:33:36','2017-07-03 07:33:37',NULL,26,1),(118,'2017-07-02 19:33:38','2017-07-03 07:33:49',NULL,26,11),(119,'2017-07-02 19:33:39','2017-07-03 07:33:49',NULL,26,1),(120,'2017-07-02 20:21:57','2017-07-02 20:21:57',NULL,35,6),(121,'2017-07-02 20:21:57','2017-07-02 20:21:57',NULL,35,6),(122,'2017-07-02 20:42:32','2017-07-03 08:42:50',NULL,23,9),(123,'2017-07-02 20:44:47','2017-07-02 20:44:47',NULL,36,10),(124,'2017-07-02 20:44:47','2017-07-02 20:44:47',NULL,36,10),(125,'2017-07-02 20:53:27','2017-07-03 08:53:29',NULL,20,3),(126,'2017-07-02 20:53:40','2017-07-03 08:53:43',NULL,16,10),(127,'2017-07-02 22:20:01','2017-07-03 10:20:02',NULL,5,3),(128,'2017-07-03 07:06:14','2017-07-03 19:06:19',NULL,9,3),(129,'2017-07-03 07:06:38','2017-07-03 19:06:39',NULL,16,3),(130,'2017-07-03 07:09:57','2017-07-03 19:09:59',NULL,23,3),(131,'2017-07-03 07:26:23','2017-07-03 19:26:24',NULL,1,3),(132,'2017-07-03 07:26:57','2017-07-03 19:27:02',NULL,1,3),(133,'2017-07-03 07:29:20','2017-07-03 19:29:23',NULL,33,3),(134,'2017-07-03 07:40:56','2017-07-03 19:52:57',NULL,11,11),(135,'2017-07-03 08:05:40','2017-07-03 20:10:41',NULL,14,9),(136,'2017-07-03 09:05:35','2017-07-03 09:05:35',NULL,37,7),(137,'2017-07-03 09:05:35','2017-07-03 09:05:35',NULL,37,7),(138,'2017-07-03 13:02:13','2017-07-03 13:02:13',NULL,38,10),(139,'2017-07-03 13:02:13','2017-07-03 13:02:13',NULL,38,10),(140,'2017-07-03 13:12:05','2017-07-03 13:12:05',NULL,39,13),(141,'2017-07-03 13:12:05','2017-07-03 13:12:05',NULL,39,13),(142,'2017-07-03 14:21:55','2017-07-04 02:28:24',NULL,3,10),(143,'2017-07-03 14:25:23','2017-07-04 02:28:24',NULL,18,10),(144,'2017-07-03 14:27:47','2017-07-04 02:28:24',NULL,30,11),(145,'2017-07-03 17:14:05','2017-07-04 05:15:06',NULL,11,3),(146,'2017-07-03 17:15:05','2017-07-04 05:15:06',NULL,28,3),(147,'2017-07-03 19:08:33','2017-07-03 19:08:33',NULL,40,6),(148,'2017-07-03 19:08:33','2017-07-03 19:08:33',NULL,40,6),(149,'2017-07-03 19:52:02','2017-07-04 08:03:03',NULL,15,9),(150,'2017-07-03 19:52:07','2017-07-04 08:03:08',NULL,31,3),(151,'2017-07-03 19:52:32','2017-07-03 19:52:32',NULL,41,9),(152,'2017-07-03 19:52:32','2017-07-03 19:52:32',NULL,41,9),(153,'2017-07-03 19:59:47','2017-07-04 08:04:48',NULL,15,9),(154,'2017-07-03 20:46:54','2017-07-04 09:00:58',NULL,9,4),(155,'2017-07-03 21:12:04','2017-07-04 09:12:07',NULL,23,4),(156,'2017-07-03 21:15:57','2017-07-04 09:16:01',NULL,16,4),(157,'2017-07-04 07:29:34','2017-07-04 19:29:45',NULL,12,4),(158,'2017-07-04 08:07:38','2017-07-04 08:07:38',NULL,42,6),(159,'2017-07-04 08:07:38','2017-07-04 08:07:38',NULL,42,6),(160,'2017-07-04 11:44:50','2017-07-04 23:46:51',NULL,37,7),(161,'2017-07-04 11:44:52','2017-07-04 23:46:53',NULL,37,7),(162,'2017-07-04 14:55:36','2017-07-04 14:55:36',NULL,43,1),(163,'2017-07-04 14:55:36','2017-07-04 14:55:36',NULL,43,1),(164,'2017-07-04 15:03:50','2017-07-04 15:03:50',NULL,44,11),(165,'2017-07-04 15:03:50','2017-07-04 15:03:50',NULL,44,11),(166,'2017-07-04 17:14:47','2017-07-05 05:14:48',NULL,28,3),(167,'2017-07-04 17:15:00','2017-07-05 05:15:02',NULL,1,3),(168,'2017-07-04 17:15:05','2017-07-05 05:16:09',NULL,1,3),(169,'2017-07-04 17:15:29','2017-07-05 05:25:30',NULL,28,3),(170,'2017-07-04 17:21:34','2017-07-05 05:25:35',NULL,11,3),(171,'2017-07-04 20:45:54','2017-07-05 08:47:04',NULL,14,11),(172,'2017-07-04 20:45:58','2017-07-05 08:47:04',NULL,14,11),(173,'2017-07-05 08:39:44','2017-07-05 20:39:49',NULL,33,2),(174,'2017-07-05 22:14:02','2017-07-05 22:14:02',NULL,45,7),(175,'2017-07-05 22:14:02','2017-07-05 22:14:02',NULL,45,7);
/*!40000 ALTER TABLE `shares` ENABLE KEYS */;
UNLOCK TABLES;

--
-- Table structure for table `transfer_proposals`
--

DROP TABLE IF EXISTS `transfer_proposals`;
/*!40101 SET @saved_cs_client     = @@character_set_client */;
/*!40101 SET character_set_client = utf8 */;
CREATE TABLE `transfer_proposals` (
  `id` int(10) unsigned NOT NULL AUTO_INCREMENT,
  `created_at` timestamp NULL DEFAULT NULL,
  `updated_at` timestamp NULL DEFAULT NULL,
  `deleted_at` timestamp NULL DEFAULT NULL,
  `from_id` int(10) unsigned DEFAULT NULL,
  `to_id` int(10) unsigned DEFAULT NULL,
  `amount` int(11) DEFAULT NULL,
  `risk` int(11) DEFAULT NULL,
  PRIMARY KEY (`id`),
  KEY `idx_transfer_proposals_deleted_at` (`deleted_at`)
) ENGINE=InnoDB AUTO_INCREMENT=19 DEFAULT CHARSET=latin1;
/*!40101 SET character_set_client = @saved_cs_client */;

--
-- Dumping data for table `transfer_proposals`
--

LOCK TABLES `transfer_proposals` WRITE;
/*!40000 ALTER TABLE `transfer_proposals` DISABLE KEYS */;
INSERT INTO `transfer_proposals` VALUES (1,'2017-06-28 20:12:16','2017-06-28 20:12:16','2017-06-28 20:22:10',3,1,1,3),(2,'2017-06-30 11:02:08','2017-06-30 11:02:08',NULL,7,8,1,9),(3,'2017-07-02 10:06:50','2017-07-02 10:06:50','2017-07-02 16:40:54',7,6,100,78),(4,'2017-07-02 19:02:52','2017-07-02 19:02:52','2017-07-02 19:08:14',1,3,60,9),(5,'2017-07-02 19:22:58','2017-07-02 19:22:58','2017-07-02 20:23:00',1,11,45,9),(6,'2017-07-02 19:44:06','2017-07-02 19:44:06','2017-07-02 20:27:35',1,7,31,9),(7,'2017-07-02 19:44:37','2017-07-02 19:44:37','2017-07-02 20:23:02',1,11,28,9),(8,'2017-07-02 19:50:14','2017-07-02 19:50:14','2017-07-02 19:52:44',1,3,30,11),(9,'2017-07-05 08:47:16','2017-07-05 08:47:16','2017-07-05 20:19:54',2,9,300,75),(10,'2017-07-05 08:50:02','2017-07-05 08:50:02','2017-07-05 08:53:10',2,4,75,75),(11,'2017-07-05 08:50:24','2017-07-05 08:50:24','2017-07-05 22:16:50',2,7,18,72),(12,'2017-07-05 08:56:15','2017-07-05 08:56:15','2017-07-05 11:08:22',2,4,2,2),(13,'2017-07-05 20:17:11','2017-07-05 20:17:11','2017-07-05 20:19:44',10,9,100,2),(14,'2017-07-05 20:17:17','2017-07-05 20:17:17','2017-07-05 20:19:48',10,9,100,3),(15,'2017-07-05 20:18:00','2017-07-05 20:18:00','2017-07-05 20:19:46',10,9,100,3),(16,'2017-07-05 20:18:04','2017-07-05 20:18:04','2017-07-05 20:19:49',10,9,100,3),(17,'2017-07-05 20:21:43','2017-07-05 20:21:43','2017-07-06 07:40:29',1,6,3632,74),(18,'2017-07-05 20:27:23','2017-07-05 20:27:23',NULL,2,9,352,75);
/*!40000 ALTER TABLE `transfer_proposals` ENABLE KEYS */;
UNLOCK TABLES;
/*!40103 SET TIME_ZONE=@OLD_TIME_ZONE */;

/*!40101 SET SQL_MODE=@OLD_SQL_MODE */;
/*!40014 SET FOREIGN_KEY_CHECKS=@OLD_FOREIGN_KEY_CHECKS */;
/*!40014 SET UNIQUE_CHECKS=@OLD_UNIQUE_CHECKS */;
/*!40101 SET CHARACTER_SET_CLIENT=@OLD_CHARACTER_SET_CLIENT */;
/*!40101 SET CHARACTER_SET_RESULTS=@OLD_CHARACTER_SET_RESULTS */;
/*!40101 SET COLLATION_CONNECTION=@OLD_COLLATION_CONNECTION */;
/*!40111 SET SQL_NOTES=@OLD_SQL_NOTES */;

-- Dump completed on 2017-11-21 15:18:14
